customer_id,customer_zip_code_prefix
7ae2a9337aa4bc799723511faa1d6830,1003
a09edf8c1e842e94805a206b3d73eed5,1004
ee9b73e88afb4904ee2322cfc89cf638,1004
15d7dbcd027b5b24866db33e2b819021,1005
5a8b64ee6ccdae09ea823e6aa00e9517,1005
6e4eb34e7f4d526a82726712aa17c02b,1005
6ec2b4682814cfdac8d92bad42b3ddab,1005
c46061cd5153f35604f9e9a2130df702,1005
f3e31afdae80581be48ce94e7b0f3366,1005
467bcdf6e97d661f3947ad9308dcb0cc,1006
fe9db57b1fe84352125989acb12d3c68,1006
59ba19787a301a48bee9f11ee4dc8a4e,1007
6099b4a3bbcc0a01fb20ff6cab0289e3,1007
b7d357b5d22f91e4ee177ed8ae73e5d8,1007
eef334d286867001f368d3b4b240f1ba,1007
50814dd40158d233103f675c340c68b1,1008
7bced3969d47023b7ab580e4cfdda7ed,1008
99e92a4ae3b87639d2b55ee0319dee00,1008
9f19be636564daf8c3fcc8f447490731,1008
3928d28e61c87c25d0d81dd65e7303f3,1009
410bf44fa819e660e2fcaea12c35af43,1009
7d8c2899f9095be928b72a16b21a3e03,1009
ace4c0c7241fb02b72bb8d019b738693,1009
cb0ab7935862f8f422456b08b9d08f9c,1009
d0f3f691b729cd317bc9284b0c0c2fbc,1009
d4d6b4b9d85471149150ceda6dee1501,1009
02d34c287580a6f46ad7ffc395bbc208,1011
3b7635130d1327ea2b273050efc450a9,1011
5a99f3ed7b721d9aa04b6f73e0abdfc7,1011
8a320a211ebebf7ce02c6a514f0aaeac,1011
ac8cbf914049a7b20272a10f768ba6dd,1011
52ef069fa39db50ea9770d2078a74859,1012
b3beef70f17ed56c0f98f810e411d87b,1012
c5c064df6a4c428df004ad4759092dcb,1012
092389b0ad58d08590243690dc4db793,1013
81ee77ee8d1e9675aa596585f370c795,1013
fd5ddf911dca5e102a4856a2ace88a09,1013
17109b321000eac4651619ac8f9b6035,1014
b6a3374282d47f94690d08d2bd8a8b29,1014
dd47ec035879a286789eb842ebe36739,1014
e674bf9e1fd5863bbb4c72f95fdba39f,1014
679199777b88ed8041f6cfe369cf722e,1015
8197dc246c4a83cb58834c3495716dc0,1015
de4226aa985c654b32ef83603e0cdbbb,1016
13cd53cfa0c597ecd72e7b0e85af5f90,1017
5c6f90081fa82c6502575fd32cf54c2e,1017
9fbabbe4238be3f2033ededc2d212b6d,1017
9bc1b48bb57b22ba2fbd77579dad8202,1019
fb65e3e167bf3b2f7d2ba5b7a140e045,1019
1092e3509e1abf967bdb283b72484323,1020
6e20e3411f6125ce6341690687c83fef,1020
970ca115b43314d95949db28ed73aa78,1020
99ef3b28b2ab64bf0a00c2a5c9bafadd,1020
bc622ba5c1a6dd7bbda84d044b747b18,1020
da55d95490988ce417fbf234ed9119bb,1020
999ea745e15b6f7bcb451e51d1b9d64e,1021
b01592e974c5b73b5adc1cafc1ebb7e9,1021
e9806f0cec46b8ea205a3ba236ff0d35,1022
ebc03139c4eacc7f77065c3dcfd98612,1023
0264bbda6bd6492c79a5843f7c2e1eb4,1024
ea85434d6eb8e8b3acb85291385bc410,1024
b45ea9acbd0aea9a6cf36bfefb9675b6,1025
28488ed4aa3650130c3a842b8978d423,1026
29945e69674077096f8273a6b18f16ae,1026
ce044d9d17e942154d8b9d2e45da8dc9,1026
e414cf673d7803bcddf9263feed7c535,1026
05c204bec3c3b5819ddb8eb7441048a8,1027
e45d7222b87e8b15b377853dba5be723,1027
fa60dc846cc1ab755dd1768fc500b400,1027
001df1ee5c36767aa607001ab1a13a06,1030
1ea8e45ffebf367b2f046c8b3c8ff230,1030
46402f6f38e465b425db684e5987718c,1030
2096ad3b905d084c9496b1f4289d57db,1031
7c97749095a5b872b41a18ad3ab73c29,1031
9484e4e49e1711abe997984a89cb4f1e,1031
bac56672aefaf3167d4d46c1ed0fdc92,1031
1ee0463373450df45e0eb902fd7e066e,1032
b941f36f010c46501e130569c3f7a490,1032
1db1cf9ec037c7b4d6f48b33a9cad90a,1033
2013d892495e1a101d742d533d2d1119,1033
5acb73b6b3d97377b7f750208b7ff478,1033
6155184ecd98ede912056569515ca6e9,1033
b1d6ca91dc683ded001b2459ff45b745,1033
c57b4ec1791188f1d3b38bc85b208a3c,1033
16ceebbf32f67216a75f6b47508e5cf3,1035
30d149ba8c3793107e4829a8aaa4406f,1035
6204061101097bad0b25b3c4fce9ee8d,1035
739ad04dbd001a664c854b570c40b07b,1035
b31e3de2a253154bdd28a4f1f252b1ed,1035
df578de48490fad348557aca8514d6be,1035
f2850255763a41d2ace008ee8c066411,1035
5d6c8ab30ef2d0469ae465f4fc0df0e7,1036
c91581a1eb4e566997896347d647870c,1036
f6ad977a249563a1b6f614caa83909dc,1036
05b005e82f3f2dcc41b5504f00484e50,1037
19ee522d0dd140702062bb89e4820e19,1037
6519f59a7687a4661f7c8a7e24f28f94,1037
554ce400f275abc5439b06a3ba67a0ab,1038
7f2178c5d771e17f507d3c1637339298,1038
7ad886c06d1fec7bef7e5b62b00554df,1041
8f1a8643c245e8b74e2e6535ca5c4e19,1041
3d52b58102741860726768607ec7e311,1042
45d942b1af5529f8990f27848a40e645,1042
719ed1620e6d57e729521a5408f6e9dd,1042
9c9178faa09a179b162ecef96f0e72ce,1042
a648c69b66f223371753d5bf0fbfa4ad,1042
e69c1b17ce033060c97375f5f1d06885,1042
cd26b8d2d69af3bf6fd64e23cb6020c1,1043
0a7eaf59de0cb85fe7a904ecf2abae88,1044
26ac23df56e62150d9f3d4bcbe1feb87,1044
d829dcbbc1ddabd3a91c20b64e2ce5d8,1044
1b3a2efa5be29f21adb3ffd8cdac5699,1045
0c65144301b9eb1274a016aedd1248cb,1046
149fa0076bccc504ba9a6464a9ad7906,1046
18df310319efd9086e54391a5cc4fb82,1046
19e5f42aafd83ee6d8a1b6d5478cc59b,1046
3258445d69ee63eac4af6749b70a0305,1046
3cabb118fc8b876a16ae0b50bc277959,1046
4b6cc748c9b98d12cef260aa6d33d5b7,1046
51795c9dc161dc05ef36dc8460dfa7e7,1046
7f3c2e6516da8ec689dd5729e8772c95,1046
9a02295e3381803554347ab4dc1ab41b,1046
9cfb0df685121979aeb180fca03b8ae5,1046
b8f9780d616aaacbbeebe26992a38ab6,1046
ba67a2ef88a5d6b25536515bdfd1e8b8,1046
d9e67dbdc0e7ff5a0ccbb30c9414fbd2,1046
e3f74d4cbb4beec5b8b77095cd256b99,1046
e41ca8cd2c3ae3aec718fa68a2ff49d4,1046
f253f58c3e8f21a0997f6332ecc0c01d,1046
fdbed455fe5a8f3029c4b4bfe8ad5500,1046
1718537edd72e4fa514fd813bd0df9c4,1047
2c32dba7a49f14ff6c477b91e8a7fb06,1047
42b792d272dd0df00225d952e7f0f3f9,1047
8e169211e544065a036c309b0088e87f,1047
8f74e0e4e00e5811f6c80a9aa8661e0f,1047
deb1182dcf5719b1a643649a2029846f,1047
1bc53b9a233400e4060e63417a8b9cc6,1048
224689d429a1c827143ed03ceb6f02a5,1048
4ca9f150dfdd7257bd211c0c7c5bb752,1048
610c70a5e997a8222166a556a089d2c6,1048
6b78b0252c9cab9a767514065abb61c4,1048
7cf817dc137efeda5ed617066b719d73,1048
eb8a54dde52e8436241c322baa3f95c2,1048
583c04eb909c371a1bb82915e0d57881,1049
7b1e954a8fc9cef169c7cd89297c94a8,1049
0eb276141ccbc51b37f4c1baa5924438,1050
58a556973edd562151f3346d527427bf,1050
5b4a17cdf8e611b47a912e232cdf6441,1050
c8db7922514ad8197fb03934a9352c9e,1050
d3635b8eeab30334c8add14ca042370e,1050
d9cccfd1f0263ed3801c621a7a63b8ce,1050
ed850b120dcf3049743a2ec2e015ae9f,1050
1d6f2e4efdab5db04ec1b691e00cd664,1102
24c38fd30a0c822c183c67d3720f2c47,1103
2a337cd26f2ba55b48e0b812061d4b45,1103
cb81c00a40f9a727ec1962ef6b18a495,1103
ce6c68a9e878e180d72621fe4d67fae3,1103
d35996269f53b0d70d2dbf6f3836ed60,1103
f004cbd2065a2ddf42d12b6d339e8da3,1103
48c4f594261d0b163beef0785c42a5f5,1105
e998acff98f91507e5d00ca8b10e76e2,1105
89f1b36ca1b8840720e7ef1b713b6f40,1106
a2c32079da05c60d8e39eee66b12530c,1106
ce68dcdb0fbc1b4172d23c2427cc635e,1106
6f33091955b66227318d0e051265e9fa,1107
9380c4d3c24f6c62c443c8da0f2f0ecf,1107
a21318b1cf4bb2e728275bb44c2829b5,1107
5134c65c1978c45add46996351adb242,1108
57cdc2c3d1a4f933be8b559960cb7f2a,1120
65f05162299b92d62d60d74b830dcc97,1120
a2068c82ad9b4be64dd9d98d2a4f0cad,1120
715a6dcab7854c0e90e76c99e19402ae,1121
b9e4d8c0a644aaa42e1eff5912fe8316,1121
cd59a6b30d35d92fea65e414b87adce3,1121
d60ed4f86dc65859c6053a3684d3d0e1,1121
400d32a746957150cd0cfba06292d6eb,1122
4e20d9b32522aa8445bd483c315648af,1122
5db7793e5ba9211bf9e8176cb8bb3ecf,1122
840555fd2d5434672ef2b896204fd449,1122
8915665d20d98e8f92b724593bd3297b,1122
cee868431579ba2636577e88ccedeba6,1122
d1be6810c65bfd8455ceeccc8bb97706,1122
082cb0834331ede282c6d4c25e409afb,1123
0977b161f34aad39d8f289631682299a,1123
120d8152329c73cf1c57b20b55a0d6db,1123
2aa73498fc6fe0afcdc0804f3080ac72,1123
899400096395390baa4eee908a55dd73,1123
e1691dd56ea0646a2ae3fbac45b1d181,1123
dd1a12426ed78bacc77fd02911ed1117,1124
51e514ce533c1d47d4ad2e31b6440913,1125
dda44123b0f5efa1c245e63eb4ca663d,1125
e192295a80bc140473d53f22afc589f4,1125
035ac81f8d263612429021ec3c89e7ac,1127
2a1dbcc0c26487ca29fe53b16de930a5,1127
45c76559b2c80c41022e3c6877a49a4a,1127
3182be8311cafb4d4c8ea0385fea7df3,1129
71f2cf4639703d454ae1b7d4fffba6b9,1129
76659eff52f4f1424e5d1585baa70c85,1129
85e97f3b4413ab6e7241ec707a9e8410,1129
fb0e90cefa6143ef5234ba910b193194,1129
128664a3f38d78795c698c380488a5dd,1131
57cd8bc54e0c5c4a46a7d26f572f237b,1131
9bd3fc2336e57744747be02f106ba746,1131
b47e3bb89a04830b931629ec351b5956,1131
c35f2f08e21cfb94b8a97a9f431133ad,1131
d3acce793dd61c7d71e57c152af13aea,1131
d845fa10aed9b9761c5e4f3234c15656,1131
e0fb79ab94350c473cb5d712edb01821,1131
4491cb47da7e1ecf5e3158f5b7c49eca,1132
5e0116ac8f05deda37c92a3ab3788720,1132
e4036c0b5c6ae37e645d34a8293a79d1,1132
0ff52546be432c8346d431ad81c0a029,1134
8582a3cb2e9951c3ddc27ca072a259fc,1134
c7b11b637c5fc27c489e16d1fe801af4,1134
2ec3c08e30b58b6ecb63f16a7e3d9802,1135
3601ca87ad49d32ca2bc47dfbfad434c,1135
676b3b7cb2e9c7dc5d8d4cbf1aedae2a,1135
73ffc6da26f56063a93ebd8b9606dbd9,1135
82161fa730414d7236334ed880197d6b,1135
a41c9b1adbaa6df804ab7f2593a84608,1135
becb241e293e90d1a6c5906ac30ca79f,1135
3dfe1e8914daca38e62f48e2bd9fee62,1136
29199a7483bff54678c7a6205b5db5ad,1137
4b32f83196998cff6c624822c33dac7a,1137
565764f24ffe1f2d7d54286cfa7b4a42,1137
c00db00391f3a7cfbaba3de2a56f844c,1137
0b749bca20d46dd7bcdd5a94fe54117e,1138
27efe9d1e24b5c1e0b2945b4a86c1dbf,1138
67e458f934b8c189096941e98a64615d,1138
9db4f2dd60aad0f12db7f68b36a653b5,1138
ccc28b057579c48422b6181c30dfe12c,1138
3d511c4a8201a48297ad8de9e03dc991,1139
4fb3dd18946b6b46d97df8aaee3fc552,1139
780fb7cdabcbcf7c7d94e3e4ae1fd577,1139
d36c0bb393c1151ed7d85960305e6eb4,1139
e39f84b2bff6b8160f8257e7c1164c0c,1139
e5bb64b888dec067eb20346a00345960,1139
4bffd2c1f4e638b8d1082b03d87cb2ba,1140
4cd81e890532dc8cf4ee9c2667629e43,1140
989f677f902616c785e3681d2fe63b75,1140
cb2559f845c75418909740bd35463398,1140
e2739b85af8403921b2b1bb2e99325df,1140
edd55d7e669dba5281d989b6e1c60cad,1140
21c486a006994b9f9a19f18a9c5c714d,1141
2d428f584e3f831f770a1de54a30532f,1141
6ed87d23528cc70b873dec58ff082130,1141
a995de3dc6d521edc82924a3e9941821,1141
c220ab170a166e41e97034894f1ff1e0,1141
dd0913a1304652981fc83655421b3f8c,1144
ee13725bd807d030e78f60a8113d120e,1144
66e2f80c06f37ad506fee5024dfd3ae9,1150
96d965bc7dd54c8cb5194f8cd2650e85,1150
9e22d6ed7fdeefac7bddebb2612ca0d4,1150
b364374999f56fe16589dd6eeaf7f0b0,1150
f12afed3b77d01de0d586131a3ca763d,1150
020fff139f1af3a6dff28456f386fe2d,1151
188ac4e8b7765d24cdb434112a99111f,1151
3532ba38a3fd242259a514ac2b6ae6b6,1151
4e7b3e00288586ebd08712fdd0374a03,1151
4eb9eccb3b24a747f725dbee821a88b7,1151
8c55956d70fca64193668429b9f8d8ce,1151
8d401266c416fe74129569742199d75f,1151
dc6c74aedc9324030804b25fa1021b17,1151
e9490b645b17d03cfde928d84d38a916,1151
1a1aca3aea66ecc5fa26e1994aad30d6,1152
54158244385cc06f2eeb73a94e3b2b6e,1152
8fe5afc484d461215ac5a438f734d373,1152
d86572e0790d1fb81bb9112430dd660f,1152
fcf0cd42fd7991c2a63cb036bea62c95,1152
111acc29194a247a328b7cf4f1f8d5df,1153
275bedb0597daf98d100ccc0f9a5d63c,1153
337d71dec9e598ff68b2266eeb180802,1153
38c377bed07261e25c63e572d14d26b8,1153
822331095c3e3d597632c846113e27d3,1153
9e75a8ef6dc30d23dd4dd2b3b13a931d,1153
c686d5814e8f8aa6049f8c55eb9c21f5,1153
cce3a63160b8820b4a468a085d7e73fb,1153
fd8a555de51282eecd0be08daf81f3f7,1153
1d3bc71558bfe150123a7107517e2edb,1154
532a03a72cef381fc677f18d3b9989ea,1154
5a9e2ef7d42425c3967d5d8720449ceb,1154
5f0f9d089923434ed36bfd4e2bf8a213,1154
60c16eb41f3a799f846a7789e5ff7346,1154
64938ba76130bbfe20ee8a87e78ec8dd,1154
71661755cf870f55866a79e5f3191614,1154
aac168607cd6ec6ca4faa538b9b6a65b,1154
b3e74e38611ca611c6568f94bf31d1d1,1154
389dfb5774ff4738514d05e7165f172e,1155
b311fa45693006635231a6a842a2b7cc,1155
bc6123686b421b9084028c34499824c4,1155
e4d71181686b734c0c6c10eb9a77e8d9,1155
0f5e161db26d065ff8926895975c0ca6,1156
24d4e44edd8929a7fcec074b019f3e4b,1156
48eea89af40f6e6691d00c5ab16a1f22,1156
a92da5f6ab925f1b45c83cef38a87fe0,1156
e6b14404e764a575edf95ff97c1ffa90,1156
04d35bc9d1149697fc480f6fd6da8247,1201
3b05eb53fd64dbf2e21454026079e02d,1201
766ffc8f244a176e559693e0325d8c8f,1201
8f746bce396cf1dbdf7c8d7490860ed5,1201
a6ee0b99b451b3287a6042ac2b237821,1201
c29001d4ef8fec0b038cbae8d53a7028,1201
d747bc7445e6f8c4de1bb9a4df39191c,1201
011aa301cac8da4d01db88c3180a4058,1202
15c959112cff28d4f5f7c0eb3ce665fe,1202
40b998e8c24e6641b7476c461741ceca,1202
4f6601688da0bd1e6f7d19b8616ae639,1202
8eb88eb1066f4e8b52dcc1b739652b9c,1202
92f8771418e7b8dff78750306809ecea,1202
e7d13351cb9b5e948ce8e069e6290992,1202
f9d6595c725eee2aba47fc7257680db4,1202
26f48ed86b20e6de057bac58888e633d,1203
67ad8b9b8544c5ef14502d44df099430,1203
a987996eacf94cb40f32b55628497574,1203
d40b1c3fb65620fac483a0fa38af1681,1203
e0064e1417dc16cadb558d1c5c0db377,1203
05d18f7033aeb69e03888511124a473e,1204
0e203af4ca880dcead36325e5e0c2ac9,1204
32810b0f4b9819d00a42b73956854780,1204
d5ef627c0311f0bf2fe4488c8922d438,1204
e25e6ee39ce79eeff6b4927b86571759,1204
8300b253882166d54df794107d32f0bc,1205
4948d9d11ebcd4d241a0b291c15d5779,1206
bb70ba0acc9ac14d6ba0356f598f4bb0,1206
dc837aeb1f809812f4ba96906c33a528,1206
0f9de5340f8ca84a67a3fc4e971965cb,1207
16204c2d6dfa2b5ab37b70091272a174,1207
299c412fded7334cb0c3a66d1ef90aa8,1207
d5feeb223000c4c6dfdb7219b681e1d4,1207
6a65261dcad2b1ac3c5a6c25d473809e,1208
006e0e7aa73b77bfcc0c4b2a3f3ab0cc,1209
427de05ce0608c08a25593eb6e083123,1209
8f302a637b143fc801494806aaf35370,1209
950dd2650d1748f4b42edb506811323e,1209
148bb9f283f5eebbafda782b05d5d4d7,1210
19548f739f2fefdc573882b1ad7d63b4,1210
47c47d5f6c02ce30ae9d9916399982dc,1210
5d13d5b488df88681ff37ffcd135b1df,1210
ab2ea0f54206e58856bd5b50647a5cbf,1210
fe84bd242903da1b257065a81f330118,1210
6a3291b42c375fa31e806398dd9a6f28,1211
6a6f8815c1cf278751f8a0f09c9dcaee,1211
a389075dd87304a5a17ced4d888d91ba,1211
b14839b9d2cc09f5f25b2a74bff673b9,1211
b27659c9bf30264f52e445e61bde1cf2,1211
d867a7f45fa7d5dbf33f736581b9b003,1211
5ffcf72b399d2661c3c65d842934f2a7,1213
eba0792cf35e2ab2db2dcb391adb5ab4,1213
03c75f8dfffde486ab30360f6e689a4f,1214
4427125d8551590623a0e4dbbb2e25ff,1214
c68d5432c44301ef4ee85b0ae58f9ad3,1214
dce285f67cd0b2d1f5937a0316d83db2,1214
e6813a060241b53a0f13bcc2c0545685,1214
e6baa8613ec0f40b1c03a74b605dce5e,1214
4c8042e2e4ec74727a56afeadfa7ed68,1215
9979632fdd77b818a02dc214d57752bd,1215
9a07f29a0a2ecb8c56fcfe168b48e5d2,1215
1234c1f416fad22c1270638f069f1a46,1216
233f73a4bc9db336b82cb23cf5ff2701,1216
69b2c07bd32a5aec7a387c7fe5bba908,1216
88bfbe93f1c2d378de7fb22d588f9661,1216
f8d66f4697040f84a45713d2c3b50dcc,1216
067c9951289da2e2468121aa6e46ec91,1217
66d5a520e4f7af2cdc4f725d8d8ed705,1217
e4f89f57953265051032e08c8ac9395d,1217
4d92a3b7a734fdf21d16feba6dbdd95e,1218
b655e5fd84f933787506b58d4060458c,1218
c77b56f255a88e2d52bf861c376bf8dd,1218
d811f93b6445bda2c5efbe61b0d881cf,1218
d9335c099e6943d88ac5f8a7cb418b66,1218
3c0c18b834b8f01bc414c2a3f4752fd1,1219
5f7a039b6721267134ab5850eb7b5209,1219
7cafa9eae6000dc9e56e0813e97b1707,1219
b58ca9769b50b9d05020b15fcd34447f,1219
cc36b7e33ac2c31ee7de9e6b77ad5ac4,1219
ee036f3274491ed40be67fe834fa34fc,1219
f231cefbb88b5be18dbc7b6da2fa5366,1219
0629ffa463b7bb65e62829ee41b0934b,1220
1be4bdc654d6c8852647215506507d72,1220
393465ffb9011b6c69b7364328fd9044,1220
4ae463e456b14204512257ce14634bf5,1220
66a7d5e51c9f8597b779c3c509ec93bc,1220
7a33b68891edd3370f13fc2adbb312ac,1220
a3b7f155a78c8d463ba072cb1a11a3ed,1220
def513eb26f183ad903b94b9eef04bdf,1220
011ec289931a2dddb4a0e40191748b3c,1221
0760c97b5abdca9b451e43e66af480cd,1221
21520252cd5f078e780fa9d19b5742ab,1221
2a236b0c1e6e99414dabdadd2835e5ec,1221
2f74e51046cbf8cfcc3b8c754e1e1fdc,1221
49510cb6fa5de3b5375d6ab76f11c9a7,1221
63668a186f89df966027cb0a62b5989f,1221
c8830d8a8312a8b3b74370c4e61202ec,1221
d7df8aa5be9a7c0f5ef11cf74f837ad7,1221
ee2cf50cca8c6f163c99082f8ed86c1a,1221
00573ea7a2ac9dff51ac3d177cd6eaea,1222
0ec94dc37e4e44d1b7a9eddf4a8a3da9,1222
19f9e4a8e8924688daf67bf32662c671,1222
220d30b547b088ca7b34fef7d7a54523,1222
2813a2e8f60bfa209c3b3e3f1a442f54,1222
29c5a310a777e48df51e2b584f859b99,1222
43f6ebc958866877836364dafc90e2d0,1222
4eebea291949576a28945c39356dd65e,1222
5329a9a9ebc6f31af46808012eebc04d,1222
576780ffb54b45ed38f27fb4349de91c,1222
5964ccbc6b809c485a389c3663fa95e7,1222
6281905dcea7ec6f9ed8baa3a8f61b21,1222
65408e1b890ef91ebd20525415a75006,1222
676761aed74e8c2a56f78ea5dfbfedf7,1222
85c6c4e698dd725c955890b4c5b54663,1222
8e81dae0edf578e8d3f8eb61232c1704,1222
933bab0e42c2ca412e361796ba65cd24,1222
b570c3635a4298fb6ea7f1b24771fe83,1222
06c123e1ac4a2d2a9e6bd9858a383087,1223
5a0d42c9bf8e601108379c15bb808c37,1223
68491aa52cafce7ca8cfd1cfef3681d4,1223
68dc0182e4cf141c4b86924a0ba85937,1223
6d6e81e5815b1fff666907cfa150a691,1223
9ceb48a8ee734a28c25fee6db0e988bc,1223
a9c9fc2ca98560e072e73177c7046e7e,1223
c945b259f3fbb068c27c9646a2f9a532,1223
e8dacc755f6a162fccb441234c60d96a,1223
ed31032d177b2192f391ea291d349b35,1223
f620701a6e9f1096468511e9c2406a67,1223
0b921366e6cdd4a5fa81782d1e9e2de4,1224
0cf9084f55a458155d34c0d55bd21b31,1224
117436669e184f4609199f7301fe4cd8,1224
1d7fa8ee1885a4ed8a0d46b6e276ec3a,1224
28d38e114a66a3cd24072409fae3e9c1,1224
29554c8dabea94740eeb53e3d5e09478,1224
3b6cfa5c62f4bfb3c09652d9ac539a8d,1224
4999b83ecd2fab104b958ce8d13714cf,1224
68aabe09a8f238550a40b8220c176f46,1224
6aa762e5f01eb065661799c936a23487,1224
755071dd68e519ca13dc77e70fb98710,1224
801e6d59e9665f5ed9fac67b7a5ba67d,1224
87c1595396829625fdbb8420094ac831,1224
93db96687b16132297af1de44d17e01b,1224
abd0bfdbe2c7a12636b1c25a87cf38c9,1224
b11d76f67dc034aa0ff605a1069662dd,1224
b7b1705b5beb9ffe3c0027a4e9531e89,1224
bbe816e2a62258c7b4328b3cecc3caa3,1224
bf4ffb93deb3209078a57ff4cb6d1ba8,1224
cc63d689185dd60bcfb934fd5a14a6e6,1224
cd0c868c33ebe500b9e2a22e638719d7,1224
de27e7ae8adefd14b55e07db50c5c037,1224
e718b9b7ba3000044cac320e06d5bffb,1224
9e7e03debd14a03ed116a37125d8f250,1225
c96e84fe010b6c64f16216b8786fa0a9,1225
ca72bae56a62ab7ef618c2d480419281,1225
e6ca2ee6bc5a14cf204a7e8b76a0c2cf,1225
fccc0ac1e7e53ba3df6e2b03dfb18c21,1225
030f3b54dff06714de54aae2962cd461,1226
4a7c4ff854f50db8989ce522597bf6aa,1226
5b6c9b4cc753bfd2ba753bcb51b56a56,1226
6bb61e20ad7cb7dacb55ff30900f3623,1226
75e945badd2a39af63ee8c8b05af8fb3,1226
7a6f04bd77baa1ca5f68a99cb29f6f2c,1226
834fbe386c3ff163d252b37b5487e118,1226
88322ac54c0a72042d0dac336eea9fbf,1226
a32e9f128bf594a9f10ca06f147b4719,1226
bd42702f2336b749f68ad537b1c0cea5,1226
d0f224b31d169b2a04e8c206ce5d8e43,1226
dc30f5f92dea8459e7b87805306934d7,1226
dcdeb065392b1d67adb1f83e671881f0,1226
f766d9a5d297c1426e53c4301ddfab23,1226
08070f3e36c4cf9e295b028eaf7cd3b2,1227
0dbcd05590805375b6b0a913f2f7a876,1227
22ea9677582d0e8c4ceeaa2a306fd486,1227
39bebc8f7773085fe2d0e190058b444b,1227
4293c2b68d5b7247d658d304c8670eaa,1227
5b0317e52f6059c5ae2572fc5edeb9a2,1227
83bb6f200a22a5d13ba06eb2968ab899,1227
85e6bee910c0820fdcbb1750cab14205,1227
a1c779cddccf5ffe60e543d3ce0dc477,1227
a746c825432e5eaf2b8eeece33ca54b7,1227
b61a1d7fb4a9899ca9300a42300e9403,1227
bc746f1c6fcd8b31f1feaf2111a780bd,1227
bd3fc6f52431b710a9344958480be7a9,1227
c38a80e0350ff3bb0771ef23799199c3,1227
d086482636923b9b7bc961b6869950e9,1227
13cd366fe64b37786a0c7cf845d1711f,1228
19f23438124b802768aabbef91d4ecea,1228
293bd1c230ca0e132b10098275b44169,1228
4fb7cbd1728fe3e7909ca36668074cdd,1228
51f11cd231668386157c2a09980fa895,1228
64b086bdcc54458af3ea3bd838db54a5,1228
6842592a4cdd735bf3fd43ce522773ef,1228
8be34d6d8c32a226244789af8acd166c,1228
91453e7ca56963be1899bf47df4be342,1228
9a27ec65232b3c605bf532a2506045d5,1228
9d3b949fa77c3f6bbf95203e237ece68,1228
d1dac904be59e9a142e30ad313465c2d,1228
0439e73f088869583242f6949729865b,1229
211ccf4cdfb61d29517dcdef08deed32,1229
223291591dac2cc98cea3868de7bf593,1229
333b7d62978a1cdcc338e2545aeea45f,1229
4d6e3cd7620b52c39a13975adaed9873,1229
61f669b57bc39cc991807a58ea19b98b,1229
7117d38240c00f27406372087b55d1fc,1229
72b4eef5f33af34d338cab565eedecfb,1229
8a9e3fa1b04cb91e2a8565cc5927c4a7,1229
9250ce7449ec490db1bd943f89228c94,1229
a496c62d3354a4274732d5ad5046c75d,1229
a6fe690d5608de5a62f7d88b87fafba0,1229
b960facb09e55b91fd14efb587eb5bb3,1229
ca52f95cae581bc621ea0c722ef958fb,1229
dad626915d10f328fe7bd2eaa3a27e88,1229
dfdacdf1ff55d5ec1684269778af5528,1229
e48aea5936bdbf8147c56a0bb25b74a6,1229
f9186c4eba8c803ac493a2ea4a189fc7,1229
011aa728cdc4c57b506c6c40ac2a7712,1230
1737dfc3d25cf828b2568543193ee5c1,1230
3bfe1f59367a7183636a6856a530c770,1230
3d2b2cd45b02124cf195592ce4eefba0,1230
3fcc0d2a43e27e5cd14cb2d881434777,1230
626d58a0cc568a4f0e5fca51e22b7761,1230
63ed4087ff8ec3cca407fa5ebd255d40,1230
64071b76b477a3abfeee800af096db82,1230
68fab7c6b16182d860c5e6fa35866350,1230
6bba6f64977c6b367a97039f2cc7cc64,1230
8342323ca97ec421480430c2a893aca2,1230
8ec0e7e091aa0efc08f80527888f7377,1230
97f4023f8f25a0983d253d91cf53e34d,1230
a5bda6def3f77258ca2027b7d4a384e9,1230
a6084fc44d5a09f247a4a2f1d49f6f58,1230
a90a58018ba607a42d2f0c56857fe3d8,1230
aa5f87b79875f43b90b310decb62356e,1230
b640f7a9fd6f58ec73ddc1b9a20922f4,1230
bfb9558ab5dbb375ff3248a7adebbda6,1230
c180f565ea0f5d52d645ce90be20821e,1230
cba8ac673c3f5b4fe32ab4b08f01e08f,1230
ce27e4fe4c3d64d7ffb6449d4fdc97d3,1230
d4ff16ef57595838d5ee159d01d38c7b,1230
dcb6e7bc4e65d815025d0aa14349a4ca,1230
e852487a1087dd7a5a8f78cda9e2ac86,1230
0a389ea18d794fc404c7bd3ae4b7cdfe,1231
2f68abf93405bd413b5007660467e113,1231
39f3cc584d0f9352ad69561b60cc89de,1231
519006a9906e15e8141109ff81be9365,1231
52c7b6cbdef65469b3e42ada5bda15bd,1231
7dfb9a9908de354be283cb44589f723d,1231
80255b4d66957ab58626ef18f9c5f16e,1231
988440a77f06ef4a5885c7dd31833bf4,1231
9da470067c9f099fdc9597b5a7b57355,1231
c03dfaf5db49d8583edbb5627f92058d,1231
e5a33466701cd4bfbdfc0f03e4cbdb83,1231
f458a61218c7206fe37d24d130304f29,1231
02fa88c1b03de13858abb54758c93276,1232
08a877734f7083608a6db968a06ebe8f,1232
4312276d4e4b3007a437693e5a39887d,1232
5c4dc29c67a87f143cea0b5df952d169,1232
9db0a6065f7c15895b9a2705b6dbc77d,1232
a33c79acaa70b8dca9c354383ffa9781,1232
abba45539fec5ca6bf22c0109fdef05c,1232
b29d12296af23879b38b929ec276ef24,1232
ba8832dcb9bd10625d712651ec217efb,1232
d87f81e4338de8176d2ba14d81164666,1232
f316bdbd553c081a873eb697e8f98be1,1232
fca768505d33bd3a5565d51851b3d5ad,1232
fe082a45e6e64db9443e39ef7e3d415a,1232
19110a5c18063902313c6ee2727757ff,1233
28786e407ecbca9896054fe60ce164db,1233
3e8a1ea90b0eb3ccfeb987b81205bc45,1233
85c67e22ad636abe63a496aa08b83e62,1233
93d155119a2102bb21d426b8ccb8bdd9,1233
a34dce08d0cb004c3672fbaf8d6a56cf,1233
b8161d486fb5b343ce446bac70ee5496,1233
d6646ea91d8cd9fc7e6882a7068779d4,1233
0ffc6725f7acf582cc19d7db4b2e0c97,1234
17113c767908a333aa231284d0a0941c,1234
21823ff837e9d3beabb31e5ba035e709,1234
3702c8f6ec51b4c67a7c73594f30fafe,1234
39f707c5c87d5f8c8e4a26ce95292a81,1234
df8b21da119dfeea3fd6acc835648f83,1234
07a4bb60f62e5ce83b63a08f0cd050bc,1235
66fe4d66419f0c7d08b03b2814aeb9ec,1235
d4b14205ecda3b864430a215e488d3b6,1237
0881e1574aa6b621c551a421297af5b8,1238
14dd8f53301c41af3243ed5ad0c9260a,1238
1765717276473594d6231f90c621ea9d,1238
1fb84b8070e874d735f1b851cd98bdc6,1238
2c91e3beee30845d54fd4e243cbb4c02,1238
7b9acf95f2a5e2c59942cd80b765db6b,1238
896ca8dffa927becb8dca9eabff5ff84,1238
89aac25164a5f84e4302a43721d0dfd9,1238
af745ba50a9a08bb1a301921d8f3273d,1238
af7c572f32c17ecda4664f61721926ba,1238
cd8979d14712c57fc193aecac517da3a,1238
dcf2ccf356bf4d48003190405025cabe,1238
dd785c11787bd6e8afdabcbe3669d446,1238
e5e20842ec1ce909eb1bf0fa00f66887,1238
768d73a87af63f0ecc15c2095bb55fcc,1239
7cb07e905e7172ce6c04eea5eed5888d,1239
7f25ffaada2024d3e809765b76d3507a,1239
88aa57af603d46615d5d2dd0c8b35949,1239
9340fee89818bd84d3a005f8fbfe5b82,1239
ba7df02cddb36d302d9a87ed492fdf07,1239
bb992aa0173715b2ec5e1e3b74903743,1239
bd999da6d06c37baf8f1b4f48beb96bf,1239
db846bcd3ea0ef56effb856bd0266a90,1239
e73f4aab3c918bbce64b1090c5802120,1239
019f698e086a468627af26baa7babf16,1240
0472d52fc0d9de11035845057654052f,1240
1de8615754a9427f8bc52efdd114bec5,1240
1eabe81c2776591d3fd647bec734d381,1240
210370103d5af0d119b9871c0b4435db,1240
306e7f5a781430174600acfec52a1843,1240
41fbcc1bcfd329a4b7db089c78cc65c2,1240
43da0c62bc3c477f9971d4c687fe781c,1240
47fe35f97d144812fc968a86c84debd0,1240
600064af2cd8f3883167c77f726454e1,1240
60d42085fee30b555e6a88331ac1aeb9,1240
688dc55db881d83c92c6dca6ac9e6682,1240
6f8d2b555e7c26023c890ea54c862955,1240
7f6a3aaafc26964ec75650f5b487de99,1240
89f8ae16624249b47abccb7729c5d287,1240
039afda3072825c183a2ec67468cf1b7,1241
45b45509820c3acf7baa221a8bdf9b0a,1241
55408c56825b0611d385aa22b233e383,1241
93bdcb0a5bd6fdcaf5223c93174028ff,1241
ad7d82affb4396f40783dde4471877f6,1241
fd296940ea15b437d576eb81a265d3ad,1241
3bdc7b8fd9d6abb2e4987b81e069116c,1242
961f898c34ac62fa12fd8249612de4e6,1242
a7ec1335201a9bbc7d6a4f1f0397e4ea,1242
bc998a05068c9c63e54fdadeb5635b1c,1242
c36d2a6b08edc9be276ccf9f1f48953a,1242
d289f57701f2314ec1be1494f62d676a,1242
ef1615358c72dae1c068aedc495a13f3,1242
026eefd00c7aeffb5427f54dd51b6894,1243
189c79f9536b271219661d456ac92076,1243
314f5515cf84ac3a11ba7fea4e9a2822,1243
4c734d9ccc49f0068cb5c75b3e88739d,1243
6f0ab5342faa11fb372c28c756d4fd9c,1243
7c849322a8f5b9bbeba9c11ae26b85ea,1243
9438a63c1d4be3c9a73c551d59804886,1243
d41be06a8b7dcab5822f41510c64ed8e,1243
d6d99bb4414c24f4bcae748c02d7a111,1243
dd4858d8abdc673ef7e2b69910158f3b,1243
03b59966dd366b58382e349fbaaa6231,1244
076f5b0491bd722987bfe358f5994871,1244
5f235effbfef1537095b1024ab902244,1244
8d448867c298ff9f233763eb683b27fd,1244
ae984c23bb0ed564ac206f2ec57f772a,1244
d629cc87a70ae77b43bdc72304263923,1244
132da540f9f59c2333c07b0f00d781f9,1246
0280ead6134bfe639866306f1f0258ab,1248
516183bb499f5c0a1c467cad231e5cfc,1250
a0302ff99a88b577e90a3e823e23f03a,1250
007182cdc3e8e2d3d4ce0b00b9004630,1251
5a1e0215018d048d9bb4878df261dcff,1251
7638ebb9a062fb69f8646c668dd5e3d6,1251
5c81f8b0458e12a4cd7db4a88474a4ea,1252
6c6e923ab3cbab96efabb3cf786653bb,1252
e7ea13209423cee1f34f8e8c7c8eeb23,1252
e815a1228ed484c069943e1fbcb2ec60,1252
eac7448820de7d9ad1425dc2b33568e6,1252
f1f47119f889031980d7fad6a0b0c62f,1252
7aad6c872be392c3d4170dd41b5f2e83,1253
45f813908ab4d9af7d710e113784abb5,1254
aeebf5c6cd7179032edd99d413eebc08,1254
d3878d302b1f3a54da025c3c593c48cc,1254
06cf02bf583b05fd91bc8eec0f1b4c3f,1255
8ab7e3768778f94dfbd1d4511e986dfa,1255
5206bdc4d7ecb9869166f99fc635a5b1,1256
245218ed5faf26b2117f4edfb033ec80,1257
2d3a07b7b69973a8118724ddd6495600,1257
2e54fa48b03df58eece64527893b5baa,1257
440790853e2f2be2ed0df532e8e23726,1257
54d5d7da0837d85d624ff379fffd671d,1257
66b4ae7302e46815fcd2f46e6d811392,1257
74f63a0356c3dd2e761445f2fa4bb5cb,1257
783585fd209133c94cdc7f7ce4247db8,1257
845b4c2092fe097a53ef3bd7797d4095,1257
853c0f7e3deec49d37c0b37c50382f52,1257
a74fe4b2c5b909ee24bdcece5d4bf0f9,1257
bf372d35de99f49cb07c1a238d7db256,1257
ef48ea66fb39a13e1310b36b676e29e7,1257
053577e4537e6b6b68b9f0e929f27d32,1258
06e107f212576eccb2e2adc7781c9705,1258
26ad0f0ff22fd1874b664e7cdbf2cecb,1258
2df9465dba13fc692e05390a8c4d1e18,1258
355534ce07f1f5876699b29f5dcc540e,1258
43a23ff9af0c723b18ab653e17fb4e14,1258
5d3507a78913086108780c26aa502cc9,1258
61c40fbd64ecfee5270d6f9f2202c484,1258
7536b44a83b05083df3c3834d161b373,1258
7d8fd581cc612022d2149f093956b42f,1258
920262e9d102e1706e797902ac8e9d4b,1258
9e192b98545760379893f9f63707cc0f,1258
d06700a6178066421f3bcc4e834926c4,1258
d505c458ae00e3745b5fe126f21c4e25,1258
e009147a4b30be4a108b0f2874ac005f,1258
e00fde757e39c319e1a52b9d1adf298b,1258
f33df2d18c4e537dbde59cd62fadc3f1,1258
ff9f5774bdf98c9eb203a168b58ded57,1258
57fd533504f8465baa7d22a08b659f9e,1259
5a761ff24ca0a248f82d71235398e852,1259
6f4b3d02722aedcb77dab393bc2d019b,1259
89293535456fbe748a2d9b0e392c51db,1259
991912f8e7ebc0451277681f0e2ce523,1259
3c0edeffc50a9e94bca0592bd7af3bc1,1301
3f75db6a3db29236e3e7975d66f376af,1301
56e48a07ed300dcb0e37986fde979433,1301
70bccc2f0d3aafe8a9fcadac4af9187b,1301
a1ec7a32bc3bab200e6d9860303b4ff3,1301
b2ac8556d487da9ab904b45d97e5e779,1301
f5df50c41f9b4e628b2c691a30f9d180,1301
23e0317302b368c4a95fe1b35ab76710,1302
7107df757f0be84cb9b48fe438eaf414,1302
90864878aebf8b7456fc25ac866af6ce,1302
9aa30d6b55543291e602cefe6f3810f2,1302
a28fc82d5947b4c781e56085385d7600,1302
c63e665aabad5f5dbd0baab40c326fda,1302
0c9250b6e51b94c3250b3992631fb100,1303
1cad4a70058245488e56d4faa31717e3,1303
2b9cc72f1aace0def73e1719380d329d,1303
3705330ddc148deb33331cf451b38b55,1303
3e70b5626bfa65b0f2678059e45426ae,1303
423b14adf6348b5958abf3dfef05fefc,1303
6d56ad9812301a8ddeec1e96bb714d2e,1303
78dde783f1d86bc60a9740ff31937c39,1303
aafa66416bb386613deb6a1b9c9ff082,1303
d1447a4d85f6a575054747caa6a8af8e,1303
d32471338272fc62c8dd19a2a004aedb,1303
dd542dd7b8a8a90fed3b4f6b85ec45e8,1303
deffd3aca3c7bd8f03f3777d0239f903,1303
2e6d07b7d21a82360f3b981e93f20c45,1304
4492aedc05bb37e4e724c2aeaf21e079,1304
4c8e99eccf20fa3de5ce6e85e1a3e825,1304
5970719d1bf569fb6a1739c8046ea1a3,1304
6af8e0beec8e9442aaf16b120e5e02a4,1304
a7d3eb51fcb8e8e078482e518b38dbce,1304
bace2486c82812b65455b41d7a8788d5,1304
0b9d5b8ca1d0aee387d35522fcf8785c,1305
2c24375ffa9f92076ed3bec1a35e13b0,1305
e28848a09b5a8507b3f864b74c9a7d22,1305
07e1c3725f2f8d2e91fdb691f0b3152d,1306
0b7fc1bb205ec431fb3f60ce4960393f,1306
2a2a72fc4ba566b8ef03e798c723e9ab,1306
333bd9e7da0cdb867ce8c636a5ab1e0e,1306
4a1df5a4506db56dde35b8ad0ec08f40,1306
573073f1e3d820993ae5f7065b8f0f1c,1306
69eefc7588679e6d4a880f2eb9866b5a,1306
745797df7e1f604c7d608c43b43f62e7,1306
82189789fcc0955a1f54c4b48c171652,1306
8b6bdea286edd9e9c17e7aa7b83bba33,1306
994893639c0c67587064238a90e33a8e,1306
a2364bcc6f7b38a923af0e7d939ecb0b,1306
a5224bdc7685fd39cd7a23404415493d,1306
a7aace19091346dc0e229e1c2b43e896,1306
c2c1c70da9cfb80d5c885aaa1c5401b1,1306
c6eebc8cc5774b32a684d0437542ba9c,1306
c9191161c0f5334bd26ccf9568d30d12,1306
c93cde10296df75c3bd18bdce1cbfffc,1306
c9bb3eded2d82109dd047788d425e3d9,1306
ccfa081d0d0b1c9eefdd13e11d02fe39,1306
cf612a028ded9ae8449386de8ba61e24,1306
01531516bcefc94ae2fdde494db9fa3b,1307
0da50145f2aa453ea896ec9ca062f387,1307
28c286b1524136196892633baf063295,1307
2a448cc5163cff9c1b88d9f7848900dd,1307
34a4d97b83f57da56a9bd770932ae017,1307
3a80ca7483f8a0ac22a0e77a05973835,1307
43310f2ccac055857c45f0158299a2e8,1307
49339eecd8a8cc71ca36ede96a05175b,1307
5606d344886ad3e80b597d6c22f5557d,1307
681bb5b35f14531ea87a864968eef187,1307
6a561788c45be4acceb377783ad116be,1307
731708c8269d67ef551a1ae4ab8e31a0,1307
7dc0e5a1cd93b2037b5705566f784f8c,1307
874b203d77d5ee9f12214a37a6584237,1307
897ed9ba7466250d5fbe3a8e6bc311a1,1307
8b22563285b84bee2e3cac94e1fd7dc3,1307
8c210744246eea8e570126608adbf67f,1307
8e00885d43c3f587e4d60b751462cdf7,1307
9e1c22714e8a39cdbba6c16ef221e6e2,1307
ab330800338fa26477bf10f6773f538b,1307
c24bbeb8111fea27eab791a37e665210,1307
ceb261820cbf2a3fa6026426ec06aa78,1307
cf77e5af5f520eacce45789f54a49312,1307
df9e5a16c6e9ff85d78ca7ecc93af46b,1307
e8db4f36f254e992ce9d5f106307583c,1307
f28f26eb918e84f08cc0934f23d08ff1,1307
f418fa622ecaa0dc1bc8524446faf6fd,1307
f6fd1a71023d22a9a49c52aaf3a904cb,1307
fa12c84b688d5da6d8fc22fdb9e09899,1307
2e96fa6d55b9732013caed9866e2552d,1308
4f0aabc56eb3f3cfa1eb12bd4de97110,1308
570bf883bce837f8895cdbfd2ebe1310,1308
6f641c501d95682b72a561a3b199f7a0,1308
96d17faa7c8a41d579ef4084b0806ef9,1308
b15dfeddb91c576c21ca1456d3a12f68,1308
ca3f383440e3514f41b0ebdb9b7b88f2,1308
d8a288228129c30f34ed8821c5f7108e,1308
dc89e323825a3ce463ee55c80e2288bb,1308
e7082e0b1945d3cc085fe1b57f7e389a,1308
e7795d0a33fb65d80382839be92b9027,1308
36f86f4abe21fa4ef147816fe0f90ef0,1309
611b4eed02fe31a0a9993a59023c35a8,1309
8d34c7573e1923c6d08b3c1adbcae6f7,1309
95d92c3b47e281a45ac183a97e55e054,1309
a28774056a751c7e8affbaff81fcd933,1309
a2aebe68f52ca3379e422f65383ea153,1309
ae68a047db8668d643d62fd6c90b7202,1309
e2e763654987a355699fe26e00edf776,1309
e4cd5156b85981c993aabe5a612b0cae,1309
e6d43a7376b7de701411a48b85d1375d,1309
ec3a243dd7e47824066db2ecbf683723,1309
f719c61944872ed2e2a08e03b8902c11,1309
084c12a2c5354ee5059c02f470e22aec,1310
0acbcf4c99216f66aeb7c583bca57fb9,1310
113834921a2754d784a4da33e14081b9,1310
37249a38bb2565aabae11a5b88e409d5,1310
3f5939e06e89efd9e9ca8ef3ab9d68c7,1310
53c3725c692f5b03879e463456f50d46,1310
65d47fc72b8e5311c67b18fd3d665df9,1310
67293e4e7a70200b4c6cea94ca955442,1310
82d5a2482ca8f3f29454d05e129a21bd,1310
8e8ece09f913df64cbdcf2188e9a7d85,1310
b69bbfdbaef0318db83e5351cf4a3059,1310
b9c50863af770d30bd3a14719df9b726,1310
c261d62d747a5edece297d1f1254fe2d,1310
e8b486d2b45d48718876986d633f4bff,1310
feb218d83fec5edd15652761eecdabcc,1310
04ccf04b81dec817ff694f6af34a2a59,1311
06129db16c0bae7c085d17a999f6148b,1311
0a9ac0c78e9dece6fa0e9ea38c17eeb8,1311
0d772db64a20cbf2f1bea1c6682b29d0,1311
2644be6912720bf7314f452232e81705,1311
368cbdd696020410f70f2dcf1ec31f72,1311
42f30d19ba55c70a397cef0afe830f2a,1311
44ffbbe638352715960ef277769549e2,1311
479ec951e193807e2d8b3665b9c35502,1311
489e0aa96f25d98e59fa81b16ab96789,1311
522a472d19b6882fec72de369d9e9927,1311
68de9ab6df869e6c10cac725487ff831,1311
780b9df22e9f714b2231474a96e95730,1311
7c6f41aab0d1dac58346151d5d7fe17a,1311
7f4dd5f1bbd777aac4f37a4ec70fe503,1311
9eba5d654db88e3e5c4afbbe96787e08,1311
a6fbea1bf9c455de2ba3f34d3564f5a7,1311
af86c43027ee9c1f73233d9d55783c00,1311
d4e2dcbab1ad66726199ef6c1651ad6c,1311
e16397cf909a6918c0ebbf3c31daceb2,1311
e448b345bc513a1d73240506700af2b4,1311
ee293069056334e9b2076d69f4dfc367,1311
f0b8143c9bc649024e71cc9124ac606e,1311
f21be077bde5af59e7bc499c7dfe788c,1311
f8ea9a3f142e872b1e796bd1e809dd73,1311
fb034e95e07c905c1962a47e1babcaab,1311
fdf3a5bebc490cbd7a8512395e6cb12e,1311
033697e598cacbf5c293f06b632b1a1a,1312
0628c0b91afef1a89539ce9f77a735e0,1312
17bf24863dd01987197596a111689e04,1312
483eaa3ad72e3ceb7e6e3105dcb8bbce,1312
6d95fae30dcaee20608501a142ecf1a1,1312
713ac4139fc3aab8b2e00bd5644295fc,1312
82259ff3376efc103845f4f1568e910e,1312
af228f53b88e6a0fe167b55a8e6c8af2,1312
cf86162c67e8a54516ba2c9031c96523,1312
13cccd43a240ebdf4cba52bdcb61b97b,1313
15fd5733c1312d72925697670522a4b1,1313
5077e24e3da9e7c78a12dcc24bd7fc42,1313
5184df07acf834cd8a00cda25c376ebd,1313
9fd5bd7fc08517053f9dac230a7ed8e3,1313
a5501dd3eaffc14bb37c90c70a2099af,1313
abcbd85506e144160bee308811967a35,1313
b38059924e5df6a030a519b2f50cc15a,1313
c33166e65d7f6c5d21dc3ee1afa2aea0,1313
c58ba0d44e7889a11b721ada88ebdc93,1313
cb4f601a5eebf94e41b2bfc80cbc8e62,1313
e14ffadfda9f3cd76ec8c4fc2cfa9cb3,1313
ecc519b96e049292f86c9fbeee96097b,1313
1628224972c38ec171b239f7387a1c98,1314
78d33365650d124d2b20423fd6527ed8,1314
814eb5af9d95d35f13f1e6e77847aaee,1314
dc75c759d2f158676e6d90bb661bf42b,1314
dd22f1d0142d9698c0848674e843525c,1314
2bbf7f0d933e52c5f49be30d8cead4a9,1315
2e72ee00f14fde45636abbdc4f3b08cf,1315
31d42a8bea9c9a90ff89130fadc78477,1315
416c0bf0ad270a0ca1960aefec7ad6dc,1315
7d82ca4adb887b686e382a29b7041281,1315
a7260a6ccba78544ccfaf43f920b7240,1315
b8b00f5eaed92d8702f649dafb7dfd97,1315
c9f18dccb20350c80e830a0f7850ca65,1315
d71c6edfaf2850bafce5d8a655d34413,1315
d8cd2bbaa62274c5cd6a6c9900e82957,1315
ddf7eddfa863931d992313aa1b1ccf79,1315
dffcdbb73deaa08c8811c4d541c538a2,1315
e09feaba1b9e1b07fd0203fc3d1e23c9,1315
05535d34af5324aaf6988e1d890a0d6e,1316
21b9f862d8113b3b25bb49910352483c,1316
2bdd94bc59d052d2770bacd6d20d6a9b,1316
2d5ef00df7f7b3574cee1033e6ec53cf,1316
6b389e2ed2c71985c9a40be057537959,1316
7bc38ef672740eb8d3c85c2e7dcce8be,1316
904c9a7f393dd1602377ebac952caf80,1316
ad5a008e1d77152cc956b926f893b603,1316
b43c81ced7435c5212e787b5b4c93513,1316
da435b6ace9cf6de3283647e2c33518e,1316
26ff87457a828181926c7ab34f407f8e,1317
27d17a6fd27ee999a02cd9b9d04c0ee8,1317
3f0f5ce81e678837acb15eb66f8f90d4,1317
50966ab7a02e6f14ff2b81c938932200,1317
5813e747b256765a8bfff135afef7794,1317
604c21ef70f5df8a002db0fd1cb1ab6b,1317
6762de40b1337dcc0b8f076f81b44290,1317
6d2b59dfaa16e43d88fe7a306b38e17f,1317
7414f2b75d82b48bc9e568503de1021d,1317
9c2337904acadc24d28193b1824a792c,1317
b90967a09edc5a1bbb7eff576bb6955b,1317
d015395a2105867a00b87856d48af631,1317
d73b6abec0e5dc2e02540bac3bb4d9d1,1317
d75654891902c3b820abd3545048c592,1317
ea5b7f5cd86a99b6d8406a44d86f4a8e,1317
f98b1cd40f447698ca15964728343a7c,1317
2c572703cc177e9d9aeaeda37ee126a4,1318
451f514eeb408967d01eb0688a390ff8,1318
63eb182bd6f5c57d2a1320de259bff7a,1318
6669b45fef295b28b7500941fb1aa451,1318
74fd37fc8813d6909eaf43e1eaaa07f4,1318
c228d2ea46e34e2257e8b34b694ad9e5,1318
cd91f11fdee723232212c46ce64b4809,1318
d0ce4181898b96b8fc24e7c5c48c9761,1318
0d381842c7073a0180b7dd55a1bd49c1,1319
31a7aefc17185fc66a3bd6b76a7fd467,1319
360bddb0078f97dbd1e8938d56e1bcde,1319
3a6c7b8aaaec44a52ea5d490b67f3dbb,1319
fac757b1842182c2765fcd9ae73eb806,1319
6637874c14404b65a5c59c8ab576c86d,1320
bbcbb915884e700eb649bbe31323cffb,1320
22419d01eca598d91376a0f5216ba095,1321
4c13421bd28e889484201164059e6df7,1321
500fcc5f572fc30b5d83aa769ddc6b0a,1321
53e8ebe090be91e51e6dbb3f0d191ba5,1321
5e9871527b49b68aaaf049bf6cfec670,1321
782de7052ff8ec3f9770843c3fbfd8bb,1321
8c9abe2d8c6e95757ad580361d7541a5,1321
90d65954aa6d433111f1bcad17e41240,1321
918682ce20388377743df77dd23645ef,1321
a66d945b437e7e8dab012f6172a5beb3,1321
a89e9e4afe74397b3265aabd5b74d143,1321
c5651f386e4b8ce6b97577c7c4af5e9c,1321
c6221026bf99d09217e9a2cc3da8cc4d,1321
d69da957a458e242fc8c659738ce35a1,1321
de29a2c594d88f6e10fc329bf72d5774,1321
ee23d61fedfc4227bb0e188654c28d08,1321
1dc79b18a1a94a88df9b995e724a514f,1322
46e8cc38dc8f69d926b477f403832417,1322
4e1bb82e35b06685a4d9e09754549ac5,1322
6360621c848fc2ca203c2b52db062206,1322
734f171dd5a2ff5e2a21ac1dbb163b28,1322
75fdea7e28a52a5290eed66acfd60e07,1322
981fbce08bda7429770ff0cf3c2e8d5a,1322
99d9e376b9df229d383187e990a7c87a,1322
9f15859f6d963a90bae5f05b242cce4d,1322
acc6b1746ac423c89f40ef3c0cd1a25b,1322
ad1262041fde68e95b732a9e23cc9465,1322
d256db1422e2d4737a6e70b39db4e4ef,1322
dd9fdfd1c2d9c13f398bf35eb1f18325,1322
e48daab64bc1fe72f52a30f594d4c338,1322
f0941f0a360451bb222634e610f7ad08,1322
f172ee35b4d9ef56e957d5e68a545e80,1322
f6e534985847fa0d4885a5990a4d0504,1322
fd2947021eefe3d69a634044112ef5f6,1322
055015dc0487744694f4c9baed2afcb0,1323
0c899011c2b518fac4cf807a57f4fd7f,1323
28a9c5d02ad1d2409e37a524d3cdd5d7,1323
4a4f956bd9b42fe75897a1f63786cf06,1323
63150e501182768887ac59b79c6b8546,1323
6a259e6c956a3a7964a212a1a57bd8ff,1323
8694a671c2d494062387f869f450b192,1323
c6ece8a5137f3c9c3a3a12302a19a2ac,1323
d2a1ddd88d7fe00e725ff1b57aa1778f,1323
e5312adbc717038bdeda3e2d57b34b05,1323
e49b50780a322146eecff0b0b3603454,1324
12c49eaf0f0176c573586eaa52d234f7,1325
59fa4d3923b20aed0ae89cc86febe83d,1325
717745a08d23a23e66d92be837d3719a,1325
e8d5a2b4873087880e7b934ec1c8f1f6,1325
6cb66926d3e4e83573c916b52984b85e,1326
770e1923ad55d1a35e2c184986e917d2,1326
88fc4e4500e96a9f54a7968d7d72d132,1326
0ac5eab9699c1d891e914d6a279d4be6,1327
17f4134d647aa6ec7219495933975d6d,1327
2a22ba1cb2f182b16cfd4b7620ea6114,1327
5b87dbf9c24436c97c4110980429159b,1327
86cbcfc766477e95fd2bc945361da388,1327
8d442e7b48b54d59dcb3f44ea7bed72d,1327
982b5a55e0c254aad4e8a083ed3e2072,1327
99741a5f43aa1794f70b18a4e60229de,1327
b4ed1c11c23a299162324b493730eb52,1327
bdbec4574e600193aa141d27a2fec1e8,1327
d40d86343d1aa6a8a3ce63ab5a19d6b4,1327
1733bd74b2d3aee8edc1ace540ac52ba,1328
3ab92b803f7011fe479bc1502d40f1d5,1328
3afb4376b76a9615a6c548f25dcb251e,1328
