orders,order_estimated_delivery_date,order_delivered_customer_date,order_id
1,"2017-07-24 02:00:00","2017-07-05 19:04:20",8df58f40fe1df92d0594a2ff4993ab55
2,"2017-03-29 02:00:00","2017-03-10 13:04:47",3d76cc1cc5ebdd45a03c0b51f79d43b1
1,"2018-04-30 02:00:00","2018-04-14 02:11:42",365a1b0dc5465b589146a0b7a504183e
1,"2018-04-30 02:00:00","2018-04-18 21:58:31",7f8c45241719d873d8f5e3899b7101be
2,"2018-04-17 02:00:00","2018-04-11 00:59:32",818b470109d94829497e6d4cef2e0079
2,"2018-05-14 02:00:00","2018-05-05 13:41:25",095f058cc1daeb1e7ba1c133473090a3
1,"2018-04-06 02:00:00","2018-03-29 23:42:05",0fe0304e435117f8e45fe2b298ed25bd
1,"2018-04-24 02:00:00","2018-04-14 14:58:32",1a21e73a0315ba67c5e45cbcd1abd95d
1,"2018-04-03 02:00:00","2018-03-23 13:45:54",1b50601ff6fbdeff70999a4a988c1eca
1,"2018-05-25 02:00:00","2018-04-30 17:51:46",3ea85b54f4c54ccc998b38bebf6c2c15
1,"2018-05-17 02:00:00","2018-05-04 19:37:53",4b26fbc3d9dab4bb7bed35fbe2746f26
1,"2018-05-17 02:00:00","2018-05-10 16:22:15",521fac667299475d5d3de647d23c681b
1,"2018-05-04 02:00:00","2018-04-21 00:02:29",8ace197d57084cf99d770809ef26dab7
1,"2018-05-24 02:00:00","2018-05-02 20:48:53",8caa77ff40d44d6d22eb8b3079c3c324
1,"2018-05-03 02:00:00","2018-04-20 16:26:39",9773679828d39baca17c7cfd64090070
1,"2018-05-30 02:00:00","2018-05-05 18:16:55",a47d9d942ab28a004f583312932bca8e
1,"2018-04-18 02:00:00","2018-04-09 23:06:41",a707874e5cdbc85cc3c63f60f28a413a
1,"2018-04-19 02:00:00","2018-04-17 00:22:55",c14280403027095676ce13109d5e2864
1,"2018-04-26 02:00:00","2018-04-16 21:58:43",c21b52965ab8bbc3d27579c093386807
1,"2018-05-14 02:00:00","2018-04-26 14:19:53",c7c0573cccba9f9162671f96f5f12e60
1,"2018-04-04 02:00:00","2018-04-02 23:34:24",cf3b1dd0779afd4864077711786dbe2b
1,"2018-05-16 02:00:00","2018-05-02 20:24:53",ea3ae6fbee484133e325f4e1b984d108
1,"2018-01-30 01:00:00","2018-01-15 18:15:02",f7292417c8df8e1099b2604c9a1c5d8d
1,"2018-04-30 02:00:00","2018-04-18 21:51:06",f87e6a448c7194cbe50fa937efad03ba
1,"2018-06-26 02:00:00","2018-06-13 02:28:43",083556b25c9ff2ecef87ad43b8d265cc
1,"2017-10-23 02:00:00","2017-10-19 18:51:52",40bdd1ba5a9602677ba0603dfb0a659a
1,"2018-02-08 01:00:00","2018-01-25 23:25:35",53a2fc4e276fa45a7962cec897d2bc89
1,"2017-11-14 01:00:00","2017-11-10 14:37:44",61f82b319ee0352b3b8525dfa467e0f2
1,"2017-10-26 02:00:00","2017-10-23 23:25:16",64a49ec4515de1ebb60ba7e7b26a3893
1,"2018-02-07 01:00:00","2018-01-30 23:58:44",75f2a104539398768a4bddc7a9a0d8fd
1,"2018-06-04 02:00:00","2018-05-30 23:28:38",7de7d0f642682f06b2dbfd5a2e614ab1
1,"2018-02-21 01:00:00","2018-02-09 21:24:38",93634466f99307a62d5d4d34689562b8
1,"2017-10-27 02:00:00","2017-10-24 20:07:54",c3c8c891f706a8256fb5da39ced6ceae
1,"2017-07-26 02:00:00","2017-07-15 14:35:49",e79151590aa7ee3040361aa72796c4b4
1,"2017-08-21 02:00:00","2017-08-09 21:43:36",4696cae9482bc7043c17dad5cd2e50d6
1,"2017-07-24 02:00:00","2017-07-17 20:58:06",746c571ef93dfd0c1ee0a6d4e9d983c7
1,"2017-08-25 02:00:00","2017-08-17 17:17:12",7d0ed38550fa692c0dff9a4d0eddb8e7
1,"2018-09-14 02:00:00","2018-08-27 22:27:35",14666138d6ac727f90a5f2775b282d07
1,"2018-09-06 02:00:00","2018-08-29 15:10:54",1a109ace7bc73c15e6ef45d6d4423dbd
1,"2018-09-03 02:00:00","2018-08-18 13:22:57",64c43896c03b8f6f3ee2a5927ff67d7b
1,"2018-09-18 02:00:00","2018-08-29 18:51:28",6a6a5e595e782a6d0de7abee5fab0b89
2,"2018-08-16 02:00:00","2018-08-09 19:34:18",72ebb0547658a1d829e79aca8367d606
1,"2018-09-12 02:00:00","2018-08-24 19:04:23",8333c49adbe3515e032c472789e8201e
1,"2018-08-31 02:00:00","2018-08-29 19:34:28",841d2f58ddbae5e6d1230dbbbae2c0aa
1,"2018-08-27 02:00:00","2018-08-20 21:08:43",891bbd4e052c5f3e894ed330a7419c6e
1,"2018-08-14 02:00:00","2018-08-10 19:51:30",aeae13bf1962c0a747dae0f007b2b313
1,"2018-08-29 02:00:00","2018-08-23 03:18:53",eb377d391f9d3ac66c316a741d6a0724
1,"2018-01-16 01:00:00","2017-12-29 21:13:31",7dfa7b74a309a0a38a2354b745151aae
1,"2018-07-04 02:00:00","2018-06-19 21:54:49",6b44058917b7d56ae8c4ff52f9c65a2e
1,"2017-10-17 02:00:00","2017-10-05 22:48:11",856fc8f6f0843d1f0de271cfd64e6cc4
1,"2018-08-14 02:00:00","2018-08-07 20:08:38",8a3d4b5cd5e2602d148ea8f0d12f0512
1,"2018-05-23 02:00:00","2018-05-07 20:48:31",aa3bb8a5c7740d386e6318f44046ac14
1,"2018-07-16 02:00:00","2018-06-16 02:27:53",d234a970b741b7ea0578de7dd3dba128
1,"2017-06-21 02:00:00","2017-05-24 16:25:37",f05c4e37bf7ce04b9cfe8e310d08eaf7
1,"2017-11-27 01:00:00","2017-11-09 14:53:00",36c03fb1172cec1edee00c380e3ae9ec
1,"2018-01-24 01:00:00","2017-12-30 18:05:05",39e1cc336087cefad5b96a4e37ec170d
1,"2018-01-11 01:00:00","2017-12-28 11:05:11",4137fd6f4e14b76a3a0c9ad52bcd5e8e
1,"2017-11-01 01:00:00","2017-10-19 00:52:30",5c758925752d0e3f0c7b35f5f0571bf9
1,"2018-01-23 01:00:00","2018-01-03 23:36:30",898a1fd98d5540ee9b96e742c76877df
1,"2017-11-08 01:00:00","2017-11-04 00:49:51",92e9fd4b71a068595476e2490bb24acd
1,"2017-12-28 01:00:00","2017-12-20 20:58:55",d727b8f659908737e1e8927fc81fda36
1,"2018-01-22 01:00:00","2018-01-09 01:12:19",e0aee1eb2d57773753d8744277ddf472
1,"2018-08-16 02:00:00","2018-07-30 18:54:44",1467273f73290140b548eeefa70dca8b
1,"2018-01-10 01:00:00","2017-12-27 16:13:14",e72598a24e84f85f6b47b99c7fcb32fb
1,"2017-03-28 02:00:00","2017-03-21 15:52:09",c5739db7f3e9978c46904140ccbb6fb5
2,"2018-05-02 02:00:00","2018-04-09 20:21:20",72171ec078e647529753a920a0af9327
1,"2017-12-21 01:00:00","2017-12-06 19:48:07",85bb28ec7b858a8b703d82a51b3f5e1f
1,"2017-12-11 01:00:00","2017-11-29 07:17:14",b832b44bf5dbb96feec7409c23977046
1,"2017-07-24 02:00:00","2017-07-10 21:43:32",24f926887373bfb98b4f309ecabab893
1,"2018-06-01 02:00:00","2018-05-18 14:03:15",6c611d177ef47b4d67080071684f3da3
1,"2018-03-01 01:00:00","2018-02-27 02:22:46",d3b17114bb5d12fd946e0bb2680ec2b0
1,"2017-03-29 02:00:00","2017-03-21 14:15:48",35f34f644e23f2201ccc411a2cbbebce
1,"2017-04-27 02:00:00","2017-03-31 17:28:07",6b9c0a9a69de06aa2f51edb25dd196de
1,"2017-04-17 02:00:00","2017-03-29 13:33:27",abc2ac9a5bf7f1a1c88d6f243d7ec3fa
1,"2016-12-01 01:00:00","2016-10-20 02:47:34",24523db64c1af3f40f27cb4416fa5ea6
3,"2017-12-05 01:00:00","2017-11-22 19:08:55",bd5ecb9fa12843f036d45c35746f0631
1,"2018-07-23 02:00:00","2018-07-09 18:21:50",f2c1189d5573ecb3a877c91242289b4f
1,"2018-02-09 01:00:00","2018-02-06 19:33:57",faeb0ac7f6e1480f3dd14e5cd802dc8a
1,"2018-07-18 02:00:00","2018-07-03 20:22:45",1b96de55f67268aaa1052ccc6cd7f831
1,"2018-07-27 02:00:00","2018-07-09 12:32:34",46095dff98fab25f0cb4306a0430612f
1,"2018-05-25 02:00:00","2018-05-14 19:36:37",58700fd516967486aee98fbae1357e8e
1,"2018-07-24 02:00:00","2018-06-22 19:42:35",7c61b9e90d1b0ab05a70d9651bbfbe59
1,"2018-07-31 02:00:00","2018-07-05 18:21:38",7fe55ddc45e39704cbd15147aba7b23f
1,"2018-05-30 02:00:00","2018-05-11 14:16:59",81e80c227293d804bda81c21f3defcc0
1,"2018-05-22 02:00:00","2018-05-15 00:35:00",91db217544d0eac98354b11f2f35abcb
1,"2018-08-16 02:00:00","2018-07-31 18:41:00",afe99ae914ade8c6cc4b6bb2db33070d
1,"2018-08-13 02:00:00","2018-08-02 21:57:35",b3e8dcfb9aeb7215dd9f011e8c7668c7
1,"2018-06-04 02:00:00","2018-05-23 23:58:26",c77ede410bfde247ebf9220aea6ca49a
1,"2018-06-06 02:00:00","2018-05-24 22:30:43",d9626ceed1048372a97bb68643b58410
1,"2018-05-23 02:00:00","2018-05-15 16:32:47",e3194d56283622975638628a739c9e84
2,"2018-06-04 02:00:00","2018-05-16 01:11:25",ff40f38705c95a8eceea1a0db29bff66
1,"2017-11-08 01:00:00","2017-10-30 18:55:50",0654ec8b2a748a63a67ea1e763857357
1,"2018-08-07 02:00:00","2018-07-30 15:31:45",1109a323a5e20da772a2f7b3cb0f9af7
1,"2017-12-20 01:00:00","2017-12-05 16:47:49",113a61c584df74eef5d2f6e449d2890e
1,"2017-12-27 01:00:00","2017-12-04 19:23:53",1ce0d4e564057882e017216607a2c196
1,"2017-10-23 02:00:00","2017-10-11 19:13:24",1d28088d0d3f5967393dad85006377b2
2,"2018-09-12 02:00:00","2018-08-28 19:33:04",21fbb7ffe47d9cc3a504f6ac4ee24c9a
1,"2017-12-15 01:00:00","2017-12-04 20:15:03",28abc29a8eb4b7bef7ce1cb43dd3cc36
1,"2018-09-17 02:00:00","2018-08-23 18:36:39",2adcc6d21c5ae646d76e2a62e1388eb4
1,"2018-07-20 02:00:00","2018-06-29 19:41:09",2d8a0bc4abbb7bbb3a420f2219f02f93
1,"2018-02-15 01:00:00","2018-02-07 22:57:42",329daaca8f5a3ab07c97b99a0fe5f23c
1,"2017-11-24 01:00:00","2017-11-13 16:17:46",33cd2b3de2ec32a78518fd9a66c98641
1,"2017-11-16 01:00:00","2017-11-07 20:28:40",3a02bd4d9f710f7720c8e36d15bbc6d1
1,"2018-02-26 01:00:00","2018-02-22 02:28:59",3c69501ebecddb728391d2803da61bc9
1,"2018-07-19 02:00:00","2018-06-29 16:21:57",3e10dede8b18c0d08dde472a87faeed1
1,"2018-01-04 01:00:00","2017-12-22 17:26:01",3e973e154fa0787c8f507fc0929c96a1
1,"2018-08-27 02:00:00","2018-08-16 02:28:30",4c612311c4c424c8ccf682de9b443659
1,"2017-11-03 01:00:00","2017-10-31 16:16:05",509e842f25a95f3f7d53fec4c0b66501
1,"2017-10-31 01:00:00","2017-10-16 21:25:36",66992d85a03399bdd59dde2b786c8e31
1,"2018-08-10 02:00:00","2018-08-09 12:12:33",6ac7e852b9acd63429f9b6ac61ae165a
1,"2018-05-10 02:00:00","2018-04-20 15:33:12",728d0d2a7f33afc28a73a8c3205072b4
1,"2018-01-11 01:00:00","2017-12-23 13:48:49",7c05844d6fbffa854241d754f38236b2
1,"2017-10-27 02:00:00","2017-10-19 19:19:04",8651593cf99a9174e4b9fa453ddacf49
1,"2017-12-19 01:00:00","2017-12-14 23:18:23",9373150545066777b1cd2bc20e93cf8e
2,"2018-08-01 02:00:00","2018-07-26 18:03:47",94a4c515439bdf79c3380fd5372f516c
1,"2017-11-29 01:00:00","2017-11-23 19:22:18",94c753ff371f05e68a157809f9cda46d
1,"2018-07-19 02:00:00","2018-07-13 16:42:38",be3e82e85f91b973f1fbc0c75fb1b465
1,"2017-11-07 01:00:00","2017-10-30 16:53:03",c5f2bd6122735f3362d5acc3e1df7e01
1,"2018-08-13 02:00:00","2018-08-08 15:41:36",c5fd5386640ddd76adc482b72d24a02b
1,"2018-01-05 01:00:00","2017-12-20 15:39:13",c72588a7cac72efbf2189a48d12ab61d
1,"2018-05-28 02:00:00","2018-05-01 04:38:39",c90e15a8d750212aa19ac74b22a39493
1,"2017-12-26 01:00:00","2017-12-07 21:16:41",d2337a41d3e791baab0721d029477897
1,"2017-10-11 02:00:00","2017-10-06 20:04:05",d34bf1d98a956e38ca2dd1bd44f395ae
1,"2017-10-23 02:00:00","2017-10-17 23:38:37",e15220c597e20a77d293f05d69bd506e
1,"2017-10-26 02:00:00","2017-10-18 00:15:52",ff16d15a9ee89f3b65af595178308532
1,"2017-06-08 02:00:00","2017-05-29 15:53:44",8acc03c83b14de718a6f275727b3001d
1,"2017-03-01 01:00:00","2017-02-06 14:53:38",7e7d02281bcb8b908e7e347469114ba8
1,"2017-06-26 02:00:00","2017-06-09 14:48:33",093a45d40a2500243b0a609a2351ac5e
1,"2017-03-23 01:00:00","2017-03-02 11:22:10",e4825515f8ef501b2887a2ad0685621a
1,"2017-04-24 02:00:00","2017-03-31 19:52:38",143c703ed417ebaa64077dcdc2c820a9
1,"2017-04-17 02:00:00","2017-04-04 15:36:16",5a77e4bc8ac96edc52bed4bc00eaab7c
1,"2017-04-20 02:00:00","2017-03-28 16:09:55",c2abf9bb9aed7fde704bd9b34802c52a
1,"2016-11-30 01:00:00","2016-10-18 08:03:07",d263c89354a73314488491185858af42
1,"2018-08-28 02:00:00","2018-07-31 03:28:43",1a71051dfe3a0641e6feafe991adbdab
1,"2018-08-16 02:00:00","2018-07-30 19:33:27",5798f00aab0a4ab662bf6fcb12632d79
1,"2018-08-28 02:00:00","2018-07-30 17:05:40",8654cd8e725e48af0d843f5c60598e72
1,"2018-03-16 01:00:00","2018-02-27 00:49:53",934fea5db039921610aa5438f5cee7f8
1,"2018-08-31 02:00:00","2018-08-15 14:03:01",adc3c2a7a5283d29f235da2e760b0f05
1,"2017-08-29 02:00:00","2017-08-22 17:30:15",2a08278777d9f1a73321180ce445b630
1,"2018-01-19 01:00:00","2018-01-09 00:07:37",1c70da88ac2f845fcca28df46ba4b4fb
1,"2018-09-25 02:00:00","2018-08-21 23:20:56",25b07f3f8652eeb49c6badad653a014b
1,"2018-07-12 02:00:00","2018-06-13 17:28:40",312c7fd8a2420002c53fee13e15c8111
1,"2018-03-19 01:00:00","2018-03-13 23:14:23",32a9917a34f07cd1a2c04102e4989e4f
1,"2018-08-01 02:00:00","2018-07-11 20:40:56",36870d717737ef5f4b201e7787c3ea6f
1,"2018-04-05 02:00:00","2018-03-29 22:14:22",39a484e6a644f8edeb11c2c8ed218069
1,"2018-04-18 02:00:00","2018-03-29 23:07:28",5403c98d48610456dc07a78bdfc4ef9e
1,"2018-01-31 01:00:00","2018-01-17 00:10:24",885d5da568caf7ca9663ddedff5a5aaa
1,"2018-04-19 02:00:00","2018-04-17 09:09:39",8c392f89aecdbec13f3871c27f677835
1,"2018-05-23 02:00:00","2018-05-09 22:39:21",95eff09285b23ea3424139fc2c71c692
1,"2018-05-24 02:00:00","2018-05-18 18:19:56",cb8ec27d37e47fdbc81f78fe926c7dbf
1,"2018-02-20 01:00:00","2018-02-02 02:40:59",d643210fc3ba60faf761d5a9c9e3f8b8
1,"2018-01-29 01:00:00","2018-01-04 17:53:22",da6f4983b13d38e911e7c8f60771ba66
1,"2018-07-11 02:00:00","2018-06-27 17:18:55",e63271442e778d83ae9868408c1028e7
1,"2018-07-27 02:00:00","2018-07-06 00:04:55",e8f5f9fb65db20f08e707adec28407c9
1,"2018-03-29 02:00:00","2018-03-22 17:29:00",3ffafbfb2ed55aa2246ffb6886b28d7a
1,"2018-08-03 02:00:00","2018-07-27 23:46:51",adaf01f381286c648134e9d617a4a1ba
1,"2018-09-03 02:00:00","2018-08-30 19:32:25",0c1f1a0595fb30e05d526ab83576cd24
1,"2018-07-11 02:00:00","2018-06-18 19:51:15",0cdc74fe3f18369cdc397f87a9c4a737
1,"2018-07-27 02:00:00","2018-07-20 23:56:32",13753a4e6ae3b0201fb95003db4af823
1,"2018-08-01 02:00:00","2018-07-27 00:03:59",1e8b5739cd3836175c13682f71530a85
1,"2018-07-16 02:00:00","2018-07-06 14:47:54",30fe274ae9909568c501af6539d4306f
1,"2018-05-11 02:00:00","2018-05-04 21:51:57",333e8c69214e02d9be6bc5b7a3e4202b
1,"2018-03-06 01:00:00","2018-02-16 23:48:25",35b21ed0cc9b73594a41b071693b55e4
1,"2018-07-26 02:00:00","2018-07-20 23:07:36",3823f120a83e20af66f49d377207bbeb
1,"2018-05-08 02:00:00","2018-04-25 13:17:00",3a168e53eaf8e5ae8414ebfa6ae255fa
1,"2018-05-16 02:00:00","2018-05-07 14:07:53",442d76affff0114c57a8b5e3af634638
1,"2018-08-30 02:00:00","2018-08-29 23:37:38",4436546aaa7d7c56c61aa5ee6785eec9
2,"2018-06-01 02:00:00","2018-05-18 01:25:46",49e4b99628268d2b4f089f0662e13195
1,"2018-05-24 02:00:00","2018-05-17 18:03:06",4a47b1dd5336773ce156b344b1f2aff0
1,"2018-07-24 02:00:00","2018-06-28 17:03:04",4b0c92c783fce531bb5b76d0bb2636ac
1,"2018-07-27 02:00:00","2018-07-17 19:08:47",4bb9c2002502ca416276dc1ff5efb1b3
1,"2018-05-28 02:00:00","2018-05-16 19:11:23",56b0a761e8e5b8fa1ac43fb1dfb8ad3e
1,"2018-08-31 02:00:00","2018-08-30 03:18:38",60ff47e655e87de64037be5d1f09ce7d
1,"2018-06-29 02:00:00","2018-06-21 18:39:40",643254f7c3b88cd268ca4524452c265c
1,"2018-07-20 02:00:00","2018-07-03 00:16:56",67cfccdc9f8cc58dc90fecf42712731a
1,"2018-05-29 02:00:00","2018-05-21 19:59:47",6d08b9609c4e0cb107497f8307539077
2,"2018-08-01 02:00:00","2018-06-30 01:18:41",7fbe250d2d22b8976024eee98fef9cef
1,"2018-05-02 02:00:00","2018-04-24 02:58:29",84031ca1ba6b8a439611c94887e380f2
1,"2018-04-18 02:00:00","2018-04-02 19:32:02",880ba0831c3fe181b5096a98d3c755e4
1,"2018-08-30 02:00:00","2018-08-27 18:06:39",892afc8152bfeddaa37facab6f4a9275
1,"2018-02-07 01:00:00","2018-01-30 20:35:28",8e1ded141534096603108f1ee5c27735
1,"2018-02-15 01:00:00","2018-02-01 00:46:37",9b0ca49107c50799985679a726bfd9f1
1,"2018-08-06 02:00:00","2018-07-26 23:48:25",a0f6d215b0e99072f27854fe0b1945b3
1,"2018-07-30 02:00:00","2018-07-24 19:27:48",a93b122106fb3a1e62510b02010af8d2
1,"2018-08-01 02:00:00","2018-07-25 01:08:28",a9ada7abcca958b99713b0cf42dc5c4c
1,"2018-02-21 01:00:00","2018-02-09 01:06:39",ae922ba97feaac137766d9d00cc1ec0c
1,"2018-07-16 02:00:00","2018-07-05 23:56:29",b08f744110f2ee72a38a3ef7a9a3fdc7
1,"2018-02-14 01:00:00","2018-01-24 00:32:31",b0980803dc397415a4aee2d3a7c2604d
1,"2018-01-30 01:00:00","2018-01-24 22:35:11",b1629139e38e77931c032720fff0c091
1,"2018-09-12 02:00:00","2018-08-30 20:32:07",bcddcd2f3dbe84b7b93697873e16a971
1,"2018-05-08 02:00:00","2018-05-08 00:56:30",c96fbf82fa852856858765ef154a0918
1,"2017-11-08 01:00:00","2017-11-07 18:44:04",ca0b30de0e60967b91fd5366743ba643
1,"2018-08-22 02:00:00","2018-08-11 00:07:33",d14cc71ad2d00bf56df0686d956d6ac1
1,"2018-08-10 02:00:00","2018-07-25 19:44:52",e79f873315375aad54aa74ee8119dc40
2,"2018-09-10 02:00:00","2018-08-29 21:19:31",f83a0ce66c457dfdf564dafa364ae1d4
1,"2017-04-10 02:00:00","2017-03-21 15:37:40",3c860daefaca397a28e5f1909a3d6813
1,"2017-03-27 02:00:00","2017-03-22 15:37:58",5a0606a14f282ad9c0ce9057cdf9dd68
1,"2017-05-05 02:00:00","2017-05-03 16:29:48",97c9dbbc595d9e8c581b6caf87eb91df
1,"2017-08-02 02:00:00","2017-07-22 17:33:22",c14cb154425639c9d91bd601bd5afe89
1,"2017-03-17 01:00:00","2017-02-22 07:47:41",e8af48c1f147fd9b865c90156fc39c8b
1,"2017-09-06 02:00:00","2017-08-29 22:53:50",29387d1a6575cfba53d5b7ec40c4a338
1,"2018-03-06 01:00:00","2018-02-17 07:12:41",2b5651486ff397b00e9474c238c8657e
1,"2017-11-21 01:00:00","2017-11-09 00:26:27",9b667954862fd67b43075ae4861454af
1,"2017-05-29 02:00:00","2017-05-18 15:22:18",f8db134d4ac3747d627adb962ec08f73
1,"2017-05-10 02:00:00","2017-04-28 15:09:34",e66a74734acaddadf5cfd457c01cb10d
1,"2017-08-29 02:00:00","2017-08-11 17:22:06",8a796adc727ce2def3b4d4f222e30ce6
1,"2018-02-19 01:00:00","2018-02-03 15:24:41",03eea4a8ecfbf94e0aa787c2d1b098e9
1,"2017-12-27 01:00:00","2017-12-21 20:07:17",06cbf106e272a3ec4e936665d4489591
1,"2017-07-04 02:00:00","2017-06-22 17:56:50",1642e31bb76f2a24c290180af7199534
1,"2018-04-18 02:00:00","2018-04-09 22:28:27",1a7a8e3660a0903b0d7c43928700edb1
1,"2017-06-26 02:00:00","2017-06-16 18:13:40",230a015f541602e3e910d230e610f110
1,"2017-12-08 01:00:00","2017-11-30 20:14:00",23b9e7764953e9889b44983acf062485
1,"2018-02-19 01:00:00","2018-01-27 00:29:00",253c6937d7acacfc1ea08401efe0a138
1,"2017-05-30 02:00:00","2017-05-12 13:51:45",2a65dd524a3b3160b9f67476c8ec40c3
1,"2018-01-12 01:00:00","2018-01-03 20:26:54",2b29ddaabb47afeacb5daa2c68670baa
1,"2018-04-11 02:00:00","2018-03-28 22:47:51",3531718b24dfd5022fb0d101e10e33b9
1,"2018-02-08 01:00:00","2018-01-20 14:35:05",394959298025bc7fba4b9a6818907cfc
1,"2017-07-06 02:00:00","2017-06-21 18:15:53",4c9f5051d30feb2d3b0f1aad23e86de9
1,"2017-12-14 01:00:00","2017-12-05 00:47:12",650f0e59daa00ddaf6b3ebb68b252cfa
1,"2018-04-25 02:00:00","2018-04-14 18:45:42",67b8be73433478a113a8de62614329a7
1,"2018-04-06 02:00:00","2018-03-28 21:12:12",6c5668e3fb9c385112fb6ab07093253e
1,"2018-03-09 01:00:00","2018-03-01 01:09:18",6f0fe3a4d47a538537e0ff4486928014
1,"2018-02-22 01:00:00","2018-02-08 16:42:46",6fcd3790fd12ab3c4eacc9da0f931992
1,"2018-03-05 01:00:00","2018-02-22 02:19:22",751c243ac05d86027b2fea2198de7d3c
1,"2018-02-16 01:00:00","2018-01-30 22:23:05",76540589be9113578df9de836cf6dbf9
1,"2017-12-20 01:00:00","2017-12-18 21:55:02",77ad790bc77b40f61485833a46bb6968
1,"2018-05-02 02:00:00","2018-04-13 20:21:17",7ec1b2259b08869d945fd8fd76e8ee2f
1,"2017-09-11 02:00:00","2017-08-25 21:15:36",817e8b5495d2b31da82dfe5a89aacdba
1,"2017-12-28 01:00:00","2017-12-14 20:06:16",9960ee97c2f8d801a200a01893b3942f
1,"2017-09-29 02:00:00","2017-09-14 20:42:10",9d4ef6bf8501238d56e2c970ebae7d77
2,"2018-03-29 02:00:00","2018-03-22 20:58:31",a88ebb416476bb5c50111622847afcf8
1,"2017-12-08 01:00:00","2017-11-30 00:58:06",b19729f4717938d651f26d5f33dffd72
1,"2018-03-22 01:00:00","2018-03-19 14:58:46",b21c9bac60c92e8b6ba770accf270445
1,"2018-03-09 01:00:00","2018-02-28 02:00:18",b88ab07fb8df9a5215f630bc0da356f8
1,"2017-12-06 01:00:00","2017-11-30 23:32:53",b9f985da9b5605e8f6b1fb0558b8c88a
1,"2018-03-01 01:00:00","2018-02-14 20:49:46",ba8fd3090bb649c9047a949d0dce6870
1,"2017-05-23 02:00:00","2017-05-08 18:28:09",bc7de131c11fe08e0311312624e2d752
1,"2017-12-06 01:00:00","2017-12-02 16:43:09",bcc354647b3aa17143479db9c57f1ce9
1,"2018-03-22 01:00:00","2018-03-21 23:48:39",d944e58fa0f8bdfb45d3090f6f403bf7
1,"2017-12-14 01:00:00","2017-12-04 22:36:47",dcd2b52b3f8309a1c0b0885bd4eba260
1,"2018-02-15 01:00:00","2018-01-31 19:24:38",ed7fc7aafd6ebca5daa21eaa5274d536
1,"2018-02-08 01:00:00","2018-01-23 12:18:51",f0f93d33b63c2c83cdd9eb9414a35536
1,"2017-07-25 02:00:00","2017-07-14 14:07:45",f1411a1d5c32efefafd71fce9773de51
1,"2017-12-14 01:00:00","2017-12-08 00:21:45",f90e3dbda8d123ab2f100a1538f5a43c
1,"2017-09-26 02:00:00","2017-09-12 23:32:59",1d37e36d44b7056e8d613a4214c9765b
1,"2017-07-11 02:00:00","2017-06-19 22:29:28",20d192b527d2ef7b59051b87f02c3fc8
1,"2017-07-12 02:00:00","2017-06-23 12:56:55",44d079b84edcef02c872e157438940e7
1,"2017-06-02 02:00:00","2017-05-23 16:19:51",4e89acaaa6801f3fddbd08b4258b2b6e
1,"2017-09-19 02:00:00","2017-09-05 22:38:44",5c25baef0771109ddfe73e4c91f68cd4
2,"2018-02-07 01:00:00","2018-01-27 00:46:36",66810815fe0a68f5501d8cbe1472779d
1,"2017-07-14 02:00:00","2017-06-21 19:02:39",71c9bb80d188804a5aa96f2380227453
1,"2017-05-29 02:00:00","2017-05-21 12:23:48",731fce79a6dfc4251b9ee57dc2f6b239
1,"2017-11-21 01:00:00","2017-11-06 21:15:07",7758efb652718b8224924d2ada0ad50c
1,"2017-11-17 01:00:00","2017-11-07 19:58:42",775dfb31da346e5cf77c2fda51ae7bd4
1,"2017-12-28 01:00:00","2017-12-14 02:22:31",7df620c5efd94b149ee17db0a48e4916
1,"2017-08-25 02:00:00","2017-08-15 18:36:07",7e34d6fcce4e3e6e5f06ad143cb3585e
1,"2017-12-05 01:00:00","2017-11-30 20:38:38",7e8533d7ec832acab2a8cf3b8c13dff9
1,"2017-07-10 02:00:00","2017-06-29 18:45:36",82daed31f80350ce51f518369a8d181c
1,"2017-06-21 02:00:00","2017-06-07 16:55:15",94f4c67dcdbd11ebb8bc2485bb362830
1,"2017-04-06 02:00:00","2017-03-17 07:54:57",9d8f8e29ae80be83c9a161e3d08bb9a4
1,"2017-07-07 02:00:00","2017-06-30 19:18:29",a0f30b638e44675ada177c07064b96b4
1,"2017-11-16 01:00:00","2017-11-13 18:42:19",ac4d559cefc486f4ac59c17fc44f236c
2,"2017-04-03 02:00:00","2017-03-22 15:47:49",cebe1a22714a4536f852866377c9bcbd
1,"2017-09-22 02:00:00","2017-09-14 18:33:09",f4d52c8679d7de408090a7c7ec487cf3
1,"2017-10-25 02:00:00","2017-10-17 00:44:21",f7641c0de17b431a84de1c1b1cc508fd
1,"2017-11-13 01:00:00","2017-11-03 19:41:45",fb1ff5a3430d6e656729b29ddb15a0ab
1,"2017-06-12 02:00:00","2017-05-23 14:43:38",fed2c6b5a6f5bbf776e52240101359fe
1,"2018-02-23 01:00:00","2018-02-07 23:15:11",1cfd2c6aa7a28ece5d2b6761de6a571f
1,"2017-12-27 01:00:00","2017-12-13 01:09:45",5981fe47e1bfe9374b5c58d57ef9dbab
1,"2017-12-11 01:00:00","2017-11-30 21:04:24",70303c8f09c18171b0c0b226b699436e
1,"2017-12-13 01:00:00","2017-12-01 19:18:59",7d9d81483acc12dda194e31e9ba22e9b
1,"2018-02-26 01:00:00","2018-02-16 16:58:30",80dc6c8aaa5334db08944aab012bb8a7
1,"2018-01-24 01:00:00","2018-01-12 23:19:18",fefd2241bdaad0b1f5a3ebbc75fcbc97
1,"2018-01-08 01:00:00","2018-01-03 21:30:02",3ade9a2011fb5fa0ccbb3b75598cbb6e
1,"2018-05-14 02:00:00","2018-05-02 22:38:44",002175704e8b209f61b9ad5cfd92b60e
1,"2017-10-18 02:00:00","2017-10-09 17:38:19",099c89b21c9d60fe648ec0bbd837bb3e
1,"2017-06-06 02:00:00","2017-05-23 15:19:32",20a6605d8265ca357d15eaf4f6710f63
1,"2017-05-30 02:00:00","2017-05-23 14:28:11",25fcc160aad54c81aad28f9f71cb4cba
1,"2017-04-17 02:00:00","2017-04-05 14:17:54",283182f68c047a2b61aee07baeb819f0
2,"2017-05-02 02:00:00","2017-04-20 13:39:37",333b4a6a55acc57f2c11948085cd8c03
2,"2017-05-11 02:00:00","2017-05-02 16:05:07",37ece4cacf7a0d0290a4fdd05923a7d7
1,"2017-06-21 02:00:00","2017-06-08 16:46:53",3a8f4157eb7bafa7d631ed3d9ac9ee0c
1,"2017-05-26 02:00:00","2017-05-24 01:42:10",6c714ec645881d7a96e3193eb2fb10f3
1,"2017-05-26 02:00:00","2017-05-12 17:03:27",9cfff951160cff8164e3eb826dd83dd8
1,"2017-03-23 01:00:00","2017-03-14 11:35:33",d8f560d2563965001d1f853e74c82b0c
1,"2017-10-26 02:00:00","2017-10-24 21:50:03",dadd179aa43944bfe3ebc6e6188b2606
1,"2018-05-08 02:00:00","2018-04-24 21:34:31",e17ed9c20d79f29256a4a514e8d07230
1,"2017-10-25 02:00:00","2017-10-16 18:07:26",e52c2cb181473eb8935fbb121d21628c
1,"2017-10-18 02:00:00","2017-10-06 00:10:40",edfb04977a2d0a919e5c3bd40e053440
1,"2017-05-11 02:00:00","2017-05-09 17:03:04",f9ae6383e4dfb7b5d309593d052000d6
1,"2017-12-15 01:00:00","2017-12-12 17:23:38",eb31fdfb332cea92e0b75fbe92b0a1cd
1,"2017-06-06 02:00:00","2017-06-01 08:17:04",331c75dfc5adf446e9a86283adf9462d
1,"2017-11-22 01:00:00","2017-11-10 23:26:42",5f85f13b7f5a2f767c222724ec8f2525
1,"2017-06-09 02:00:00","2017-06-01 15:17:31",955edcef18570af09e702de925422860
1,"2017-11-17 01:00:00","2017-11-10 23:02:56",b36055b266e36286316fa70c35de581a
1,"2017-06-13 02:00:00","2017-05-29 13:43:01",4a14b4a65e7946cfa68ad61507ad3023
1,"2017-11-29 01:00:00","2017-11-21 19:58:53",dfab4854076442f7a5a0e322ea7b6a5a
2,"2018-05-03 02:00:00","2018-04-16 19:16:52",8738785542fcbf848621d353326ec75d
1,"2018-07-17 02:00:00","2018-06-11 17:51:43",8fc129e3ef1d0321226112bca0564142
1,"2018-08-20 02:00:00","2018-08-16 02:51:34",cfda3e5bd8b79ab7fc0bbd0c485d6414
1,"2018-02-19 01:00:00","2018-02-06 18:58:40",f625f27cfbdbca01646e97b4c4bc0a69
1,"2017-10-13 02:00:00","2017-09-27 20:05:55",ff61c865c1495e71465c79009005611c
1,"2017-05-17 02:00:00","2017-05-10 13:48:10",a7c5b69c43e1d2b108ec591e682e33ca
1,"2017-11-10 01:00:00","2017-11-01 16:39:51",19e2f4888f56504ec0f7e0765c9e36dc
1,"2017-12-11 01:00:00","2017-11-30 23:18:46",8833f31fc345a814293e41677c701c27
2,"2018-01-11 01:00:00","2017-12-22 18:28:04",c432657bb18ddf7f48b7227db09048d4
1,"2018-01-16 01:00:00","2018-01-05 18:14:24",c78ef951d29d8e1af5f1f807a64af309
2,"2018-01-15 01:00:00","2017-12-29 17:57:08",dd436680fbd2d38edb26277f5b8379dc
1,"2018-01-11 01:00:00","2017-12-28 19:56:47",ffda7f88e6a571a9e73a0c9c778e606d
1,"2017-05-16 02:00:00","2017-05-04 15:18:53",545876d1d457c5b38d5f02aacfe12b32
1,"2018-08-27 02:00:00","2018-08-21 19:41:09",1a785632cbf5301f146c5b3c67268911
1,"2018-06-28 02:00:00","2018-06-18 20:44:27",221dae1c9b60927dd164464fc6b17a77
1,"2018-08-24 02:00:00","2018-08-18 00:20:57",2ff04f721a0ccf086506b4ba443d924a
1,"2018-05-23 02:00:00","2018-05-14 18:45:30",34f5e7728f7a0a1040c1aa8ab1c00221
1,"2018-03-20 01:00:00","2018-03-16 18:51:59",84ca1ce0b502782387a2afcd5a8e9356
2,"2018-05-04 02:00:00","2018-04-24 17:03:11",c3e965d28e37d80bb60217301e01f67b
2,"2018-04-04 02:00:00","2018-03-26 21:48:47",dcc0ebfe0fa59c24fd859aacb8e1f2e9
1,"2018-04-10 02:00:00","2018-03-27 17:51:58",bd62b37e405552f1b1c8ba894723f336
1,"2018-06-28 02:00:00","2018-06-06 19:07:09",539089aba239767ab6256f0eb9a48c75
1,"2017-03-13 01:00:00","2017-03-01 07:37:41",1fb19f4cd7486d32cfc488577cc28235
1,"2017-03-21 01:00:00","2017-03-03 13:54:08",721c8ce6d70e0d7c73d0d0ec262b09bd
1,"2017-04-06 02:00:00","2017-03-16 11:31:20",8185a97f66edcfa0f558a3c6623fd8a0
1,"2018-03-13 01:00:00","2018-03-11 19:16:31",8d8643b7344d206920590efda8cc5cb7
1,"2017-07-07 02:00:00","2017-06-16 15:45:36",98a2198fe7cdc41447b479d9220f0371
1,"2017-03-24 01:00:00","2017-03-14 11:19:18",9bc7a53b5ab2e7a8e227e321292e5b61
1,"2017-07-13 02:00:00","2017-06-26 18:23:36",a20d81c1358e489ce9123db03486eeb7
1,"2017-03-03 01:00:00","2017-02-14 05:54:56",d39b2823c7beda9e56a1783db04df596
1,"2018-04-04 02:00:00","2018-03-27 23:55:02",de2ffdb58d14dd76c8863458e5be6b72
1,"2018-08-29 02:00:00","2018-08-23 01:41:27",495f50370bfcd6d6d0b950516842799e
1,"2017-03-31 02:00:00","2017-03-14 10:42:07",03a479456d2571485ebce285eef65f61
1,"2017-02-28 01:00:00","2017-02-03 11:50:28",6248b0a9b547366913fb67922a7a2b77
1,"2017-04-06 02:00:00","2017-03-07 10:57:52",cd8c0278431ec8464a07eda4eab01441
1,"2017-02-20 01:00:00","2017-01-13 14:57:29",e6db6e9529fecbe14cd05dd349816656
1,"2018-08-02 02:00:00","2018-07-25 23:51:49",4ec57b5a1be421a2a793a22237120c24
1,"2018-07-27 02:00:00","2018-07-26 03:42:43",8153b217909426be6b194646850bde63
1,"2017-04-18 02:00:00","2017-04-03 13:47:56",0e0d0113e6a6e1dee034ffae4c3fd225
1,"2017-04-13 02:00:00","2017-03-30 17:25:48",c556be66c245e4bfc475064dbe859d61
1,"2017-04-17 02:00:00","2017-03-29 16:12:41",c7b627d407eee2ec488c07e03e2b8c16
1,"2017-03-31 02:00:00","2017-03-22 10:12:26",c9f32c5ccea32c0fa95474e83d8f321e
1,"2017-10-25 02:00:00","2017-10-19 01:12:48",d6e8909db886a81c5a4087d3a837003f
1,"2018-03-16 01:00:00","2018-02-24 01:42:15",2f500903a054ee203b97b3df0bb6e4fe
1,"2018-02-14 01:00:00","2018-01-23 21:04:24",37864e339894159b890ecddc8f7cc55c
1,"2017-11-23 01:00:00","2017-11-07 18:58:45",02e6bcccce2e88560389846400e74e50
1,"2017-10-16 02:00:00","2017-09-21 17:21:42",6b14d575fb796f6ac64e4a07cdcb645c
1,"2018-06-01 02:00:00","2018-05-15 22:32:21",2d070e3a721ccc7ea881f090802680ea
1,"2018-02-06 01:00:00","2018-01-29 17:09:16",a7c0828101dce1d4c5ae13f5c1bd2d9e
1,"2018-02-09 01:00:00","2018-01-22 22:33:50",bae1ccf3fe7baf222a4240bab9c095ca
1,"2018-02-16 01:00:00","2018-02-15 14:53:15",deaa78be2b1ca6ec321fc94b91bb9e32
1,"2017-12-21 01:00:00","2017-12-08 15:37:38",157ccf4a35b012e8c7cc4ff3c8edb6a8
1,"2017-12-19 01:00:00","2017-12-05 17:49:19",1e569d6eaaa4dee08f4b054b65f97134
1,"2017-10-19 02:00:00","2017-10-03 00:45:59",1fa8e437e5fc2d62dee8989fd5e8df97
1,"2017-09-14 02:00:00","2017-09-02 17:39:06",28ae7dbc99157a977761ee40698dea20
1,"2018-01-24 01:00:00","2018-01-11 10:45:27",499e067351812a60f3f5019575ec71d2
1,"2017-12-08 01:00:00","2017-11-27 20:22:13",68a9fce416cc56ce2950c32b7e70138e
1,"2017-10-26 02:00:00","2017-10-20 19:15:06",8bf374450911ac76af4ba0a4f1233d0e
1,"2017-11-06 01:00:00","2017-10-16 23:57:50",925c06d3251137f2c176e80cd9b87e32
1,"2017-08-04 02:00:00","2017-07-27 21:57:43",96f08e1a226e8be6f46542c2d6567377
1,"2017-10-31 01:00:00","2017-10-21 14:41:03",c671f90758b4e249a77ccaf0726e2fba
1,"2017-05-18 02:00:00","2017-05-15 13:09:58",efba3b32a6d0502f262fc6eaa01b34b1
1,"2018-01-09 01:00:00","2018-01-05 15:53:14",1e50bb2b1fd2e009684c3b7bd8eb73ce
1,"2017-11-13 01:00:00","2017-11-04 16:53:38",00a3a334aec7455a6d3319981499a3da
1,"2018-08-14 02:00:00","2018-07-10 18:38:47",0250c3964e5ca77ecac2db28d78aa89f
1,"2018-01-18 01:00:00","2018-01-08 13:26:01",040f27ad597191f7832612a806fa682f
1,"2018-03-19 01:00:00","2018-03-09 23:26:34",06613112cdd7761776322081835b1b96
1,"2017-11-03 01:00:00","2017-10-24 23:23:26",09356cee7d8fee33dcb3ee80c1ccb14f
1,"2017-09-08 02:00:00","2017-08-28 23:49:54",0e4e2b4f0485ebee2020fa22ebe41766
1,"2017-09-18 02:00:00","2017-09-05 22:38:46",15bbe82a70f5a2449ff1d54c54b508d0
1,"2017-10-25 02:00:00","2017-10-13 21:43:55",16f4a05a36f470dbed1f1c2ca6e2a616
1,"2017-10-26 02:00:00","2017-10-19 20:14:12",17afe0bafc1638d46b55c1d56b393015
1,"2017-11-29 01:00:00","2017-11-17 21:41:51",183f2bb10e984acdee08ad34070ebf69
1,"2017-09-14 02:00:00","2017-09-06 18:25:03",184ed2b4ce624742505cd97fec5e9ea3
1,"2017-08-15 02:00:00","2017-08-08 01:13:40",196dbe48685e509293d3214cc1872d3e
1,"2018-05-22 02:00:00","2018-05-11 00:31:45",19bda247caaea65f92d0a5622749cb88
1,"2017-11-22 01:00:00","2017-11-08 22:54:51",1a62946a1ba2a18532e900bc385e972f
1,"2017-09-13 02:00:00","2017-08-28 22:19:41",1a7da20c277ccf1418cd18daa7a169a9
1,"2018-05-18 02:00:00","2018-05-09 00:52:02",1d8c63ae552e28d9aab13aa5a92dc389
1,"2018-06-07 02:00:00","2018-06-05 14:56:39",1fec6937fb6666c83cc1d3078a1949ab
1,"2017-09-19 02:00:00","2017-09-13 20:13:02",214957eabef2b509b290c836e9e97c03
1,"2017-09-25 02:00:00","2017-09-19 20:07:30",225ea0d91610c70a8fa346b8953c75bd
1,"2017-11-01 01:00:00","2017-10-30 17:22:50",231184521047214c5f9a91d0cfa84df5
1,"2017-08-09 02:00:00","2017-08-01 01:12:07",23575ff1c8a0669132c47e895a24b5fb
2,"2017-09-14 02:00:00","2017-09-05 15:17:58",268c7ddac25f29e6e3b002a768eabab7
2,"2017-11-22 01:00:00","2017-11-17 21:32:46",26bd26a21d87b4594128d26b3b24e8d8
1,"2018-05-14 02:00:00","2018-04-27 20:34:47",290d9d5867e1032867562e8553bbed4b
1,"2018-01-23 01:00:00","2018-01-08 16:59:38",2cb453e2ea64689dceec47dc8f62369e
1,"2017-09-14 02:00:00","2017-09-06 23:05:38",2fc8432d4f906403e2bf04d81163b220
1,"2017-12-08 01:00:00","2017-11-28 18:47:55",31ce7a72b9fa6f054483ebecaf0aae60
2,"2018-01-24 01:00:00","2018-01-09 19:54:54",32bdee71c41b3a7d0426d858a8c2d821
1,"2017-07-28 02:00:00","2017-07-17 16:58:06",343146b92daf167255eed8e706a25d2d
1,"2018-05-28 02:00:00","2018-05-15 14:33:14",37f608e16132f4a7f091cdb29fcd084d
1,"2017-09-18 02:00:00","2017-08-28 22:03:36",394c18a986b05efaea171db3c1b11652
2,"2017-09-22 02:00:00","2017-08-29 22:46:35",3a162137f82297cdaf8349d510549616
1,"2017-11-27 01:00:00","2017-11-09 22:04:41",3c8c15b1af4ebac663b1e5645cd05506
2,"2017-12-07 01:00:00","2017-11-28 22:47:40",3cbd4333ba67528bd122a8ad17b73821
1,"2017-12-07 01:00:00","2017-11-28 17:32:36",4017df0a0c73564d88bd596e06e42c2d
1,"2017-09-27 02:00:00","2017-09-25 20:42:02",4150ef14f79d08c4772445de6db77c0d
1,"2017-10-26 02:00:00","2017-10-19 18:36:39",45f3c6b73e741b9f127da84371a0cd90
1,"2017-09-25 02:00:00","2017-09-19 22:21:55",47c94576cf0ea364610aff3e9f6a6d0a
1,"2017-09-18 02:00:00","2017-09-08 19:27:52",4cebb64502b3c7295709a972ae314c7c
1,"2017-08-15 02:00:00","2017-08-08 21:06:32",4d94e494f48ae38ed69167213dda833f
1,"2018-03-26 02:00:00","2018-03-16 20:12:24",4e5d78056568f8ddda5520ba250265ef
1,"2017-12-07 01:00:00","2017-12-06 16:58:50",4f22cd3d78d124f7ac060a3171493ef4
1,"2018-01-18 01:00:00","2018-01-11 16:38:50",4f531643f9a824b14d56621d4b679512
1,"2017-12-21 01:00:00","2017-12-16 01:42:05",515aaa95a8dd7d681d27df00e71a311b
1,"2018-03-16 01:00:00","2018-03-05 21:47:45",51d1ab11845cf149f0b42a66dcea1ac1
1,"2018-01-19 01:00:00","2018-01-04 21:13:33",52da3d9903e65cea92aa96e6d890ff15
1,"2017-10-26 02:00:00","2017-10-14 05:00:10",5798e78e71a22ca63000082377a15073
1,"2017-10-23 02:00:00","2017-10-11 19:34:17",580b08c73a274ac48d8e8c24d6364f2d
1,"2017-09-06 02:00:00","2017-08-24 22:23:35",5aa07c882829a16d874ae4f8538504e1
1,"2018-01-04 01:00:00","2017-12-18 18:49:14",5b70374ba741f581985a6f4f4f491c68
1,"2017-10-27 02:00:00","2017-10-20 16:22:31",5c8d479eeb47c38de98d8ab2d956e04d
2,"2017-11-01 01:00:00","2017-10-23 22:48:38",5fae8446818acd6c452f8dead61ba683
1,"2018-01-24 01:00:00","2018-01-11 19:11:37",634da260923e5e4f5fa538c657e77b6e
1,"2017-09-11 02:00:00","2017-08-30 22:13:01",63f977d58d0309c56e83b91b70693285
1,"2017-11-07 01:00:00","2017-10-26 18:53:04",644a4d69c39a2ed9ae0b84f27a442b71
1,"2017-11-07 01:00:00","2017-10-27 20:07:40",6b3badf7183e5f197eaba0dc24fb28f2
1,"2017-11-16 01:00:00","2017-11-06 19:27:57",6b8f597844181710961184cee39a2aa4
1,"2017-09-01 02:00:00","2017-08-22 20:09:25",6b99adce753cfb426a4f523b7b023185
1,"2018-01-11 01:00:00","2018-01-08 20:16:54",6c936253ed9ab81f5293da5081ba8a9a
1,"2017-08-21 02:00:00","2017-08-15 16:56:56",707366aec5103380c9d2bc6e503d4f66
2,"2017-09-14 02:00:00","2017-09-02 17:26:05",71603031182fa8f497b5bae069bb9361
1,"2017-11-14 01:00:00","2017-11-09 15:32:57",732b59a6f2d05d4b23beade8d0a16a0d
1,"2018-01-11 01:00:00","2018-01-09 17:49:05",7532f61a8fc7649fe822d89af2ff0a76
1,"2017-09-21 02:00:00","2017-09-13 21:19:49",77f35737e8ff2ae16bb726e3e1125861
1,"2017-08-17 02:00:00","2017-08-04 20:45:34",7f64d5e4a277230448eebf7956e29706
1,"2017-09-04 02:00:00","2017-08-21 20:47:43",8145c63ff6601f1c1aa707a322a8aa99
1,"2017-12-19 01:00:00","2017-12-13 18:07:21",821502db9b7f3a72036b7459652b46d9
1,"2017-10-09 02:00:00","2017-10-02 21:46:02",837b8d9b2e7afd344f8abfe25c899e7c
1,"2017-11-13 01:00:00","2017-11-06 17:31:43",840ee6b10ece14a3b4612f72e1fe6c75
1,"2018-04-02 02:00:00","2018-03-21 23:08:48",87c8028d4feed474234e7f1adfd5d9df
1,"2017-10-23 02:00:00","2017-10-11 00:38:03",884dd22244240995c8a18169c32be54d
1,"2017-09-19 02:00:00","2017-09-12 22:25:27",89ae9eea43fd5c68102875e05af1c2da
1,"2018-01-09 01:00:00","2017-12-28 17:38:58",8e21294be5e4cba1d069be0f7d4eaae1
1,"2018-01-09 01:00:00","2017-12-26 13:22:41",910076e7bc1276bd9d4af024a9335049
2,"2017-11-16 01:00:00","2017-11-09 17:06:53",9298c4a7ed6bd4d2cc8433f7e4053fe5
1,"2017-09-26 02:00:00","2017-09-23 15:41:20",92bdfe9e203d9d027f9c26b8b39f6ec8
1,"2018-08-02 02:00:00","2018-07-02 20:08:56",9c0cd6efd7dbee62cebd70b38bf5d5fd
1,"2018-01-11 01:00:00","2017-12-26 21:51:37",9f39472adcdca3e6eeaf227576a1a427
1,"2018-03-23 01:00:00","2018-03-16 01:28:20",9f6ddc9b8460329accba6276a10f635c
1,"2017-11-01 01:00:00","2017-10-24 20:02:26",a115b098eac626c6386372cbe094acd9
1,"2017-09-22 02:00:00","2017-09-20 18:56:10",a17bcc333f4e645ec9c31d9b75d1ed89
1,"2017-12-07 01:00:00","2017-12-05 23:15:16",a2941bd059891a9336409a22149acf24
1,"2017-12-22 01:00:00","2017-12-21 21:28:39",a42c28ee1f328251e9e8ae60f7963571
1,"2017-08-18 02:00:00","2017-08-11 17:33:49",a722399a4edf2b67d2d662c619d1f0eb
1,"2017-12-20 01:00:00","2017-12-13 20:32:39",ad7bbf9e258c09c913e56dcba3433286
2,"2018-02-01 01:00:00","2018-01-09 19:15:34",af16d017fa8ed6ce6e28eebc8db83ad1
1,"2017-12-14 01:00:00","2017-12-11 17:38:53",b3bdefda94bff94d51ca243ace24aa45
1,"2017-09-13 02:00:00","2017-08-31 23:32:27",b91c737fed536d40ce17d84edd88fac7
1,"2018-03-09 01:00:00","2018-03-01 00:28:31",bd809a829bd4588fed061fedaaad437c
1,"2018-01-11 01:00:00","2017-12-27 20:42:22",c0bc4328e8d29f0658f18585be8243d8
1,"2017-12-15 01:00:00","2017-12-11 16:28:55",c3664571c21d82f7d8ada5770af419f9
1,"2017-12-22 01:00:00","2017-12-19 15:28:05",c73c7b94754de2363ea55ba35902321d
1,"2017-09-25 02:00:00","2017-09-19 19:15:46",c7712c0f5217ae36e0539a1caea73839
1,"2017-10-20 02:00:00","2017-10-06 20:10:06",c906d290e52be53ab891c3e09074a9d9
1,"2017-11-14 01:00:00","2017-11-07 19:09:13",c99ca23474e04e001665cd9439b59dca
1,"2017-11-27 01:00:00","2017-11-24 16:39:45",cacc1fb58a377d93574c303d6c901986
1,"2017-08-22 02:00:00","2017-08-11 21:25:53",ce32ad6f5dd0a93b62069747ee97d2f3
1,"2017-11-13 01:00:00","2017-10-31 19:57:35",d1014219440f60c0dafbedd79215e002
1,"2017-11-17 01:00:00","2017-11-10 18:52:20",d454cb4d38b256a9431bf8224f239960
1,"2018-05-25 02:00:00","2018-05-09 00:59:37",d4d5280135d491579add0073e8d6f4ee
1,"2017-12-15 01:00:00","2017-12-11 23:44:45",d59990b8113b909332b7eb63d417c86a
1,"2018-03-19 01:00:00","2018-03-08 22:03:30",d625545017fc7c86aee1dd49f0471c0c
1,"2017-12-14 01:00:00","2017-12-08 16:21:56",d79983d40a8d093d5e2a1b7cdc2d1741
1,"2017-09-19 02:00:00","2017-09-12 20:37:35",db173a61c82348f8419813a0d918b23e
1,"2018-01-23 01:00:00","2018-01-16 15:06:19",dc1566d1da1fa9690e49a940769c4f81
1,"2017-11-14 01:00:00","2017-11-03 20:18:50",dc8db01e3bbdf8eae34d6509752ddc88
1,"2017-12-18 01:00:00","2017-12-05 00:07:48",dc8ffb2856b34d44541032dff3d0eb5c
1,"2017-08-17 02:00:00","2017-08-04 21:07:54",e1128622c7f0329d26b10007c562e1a5
1,"2017-11-09 01:00:00","2017-10-27 21:13:06",e23a2679ade434eac3bad78376898279
1,"2017-10-31 01:00:00","2017-10-25 21:55:18",e4dedbcf41b39d53b8ac735d22ce670c
1,"2018-04-30 02:00:00","2018-04-16 17:58:43",e8b21d9ed9cdf4a4edd7f24e82f65afe
1,"2017-09-06 02:00:00","2017-08-24 23:25:54",e95356181d857128f9a0eb779ad36381
1,"2017-12-14 01:00:00","2017-12-05 16:12:57",eeae119fa8c06aa988a02dd0a40de8a3
1,"2017-10-24 02:00:00","2017-10-17 03:19:27",eec5a5f87ba565c451bd208e03ed3b2a
2,"2017-08-01 02:00:00","2017-07-19 23:21:32",ef58bcf242133d6cfd9931ba4061e39a
1,"2018-04-24 02:00:00","2018-04-16 19:52:08",f2739add905097812d5742efa6236dd8
1,"2017-12-07 01:00:00","2017-12-04 17:23:40",f6d9a259f1d0e93273707909a8e59fc6
1,"2018-05-08 02:00:00","2018-04-26 17:22:09",f7fa198627aefca94731f4ec2464271e
1,"2017-11-23 01:00:00","2017-11-17 21:37:48",f7fffc55ac6fc572d16b18ee0ac09f11
2,"2017-09-14 02:00:00","2017-08-30 19:42:33",fa356dd17c7288d555da28bc4c43d269
2,"2017-08-18 02:00:00","2017-08-03 22:30:00",fbffbaaa30f4077e87ec6acdb835b278
1,"2017-11-03 01:00:00","2017-10-27 16:33:17",fe5dc4ba2f23ea7ef3c1f05229f658b1
1,"2017-12-12 01:00:00","2017-12-05 19:19:09",fec5a30841300e1ebf3aa37f9023f345
1,"2018-03-07 01:00:00","2018-02-15 19:55:07",c7cd86aeda4c39ec84a0be2ed480add4
1,"2017-12-29 01:00:00","2017-12-04 13:36:53",841ff437dd00dac44a738743ae033be0
1,"2018-02-16 01:00:00","2018-01-16 22:53:28",d24c7346d4b0d3dca97138e03ef34ffa
1,"2018-01-04 01:00:00","2017-12-18 21:08:12",730dca8eb849beb16fce32d000b8e7df
1,"2018-01-24 01:00:00","2018-01-04 22:41:37",f2fd4e0fc194bc29e11d7d3f83151996
1,"2018-03-12 01:00:00","2018-03-05 22:37:08",c77dc8cf9ea2034e02bdfe5231d51423
1,"2017-03-09 01:00:00","2017-02-10 19:43:38",3440f090efa1949bc4e9ebd0b89b2b6c
1,"2018-02-07 01:00:00","2018-01-22 20:55:41",7a00da9515dc144e302458e696d61943
1,"2018-01-05 01:00:00","2017-12-19 17:43:10",156168da8a5dcb5224afcebe8b0a9c88
1,"2018-01-03 01:00:00","2017-12-22 20:07:12",b72a8622beb9d67af92564bfc0f39dc6
1,"2018-08-31 02:00:00","2018-08-30 17:06:32",1342ab50383d7471a3bfd75ca93d38d6
1,"2018-08-06 02:00:00","2018-07-25 15:12:52",0e2cb01a7fe8e20a0dc09ee72a5d8346
1,"2018-08-17 02:00:00","2018-08-08 00:48:50",524802fb3df670ef6612573f2d434b10
1,"2018-08-15 02:00:00","2018-07-10 21:41:31",d3fa993cd95accac6c3d0b7e51dffcda
1,"2017-05-15 02:00:00","2017-05-04 18:11:52",06dc4c865466794eb744032dc81b2c3f
1,"2017-08-07 02:00:00","2017-07-31 20:47:40",a915d736d392c278f5220c55f8275393
1,"2017-06-26 02:00:00","2017-06-12 15:22:17",24b5077ff1a5cfb489ffaf2a6ae71f43
1,"2017-06-30 02:00:00","2017-06-26 12:25:49",95ecc4683cb56cd525c1488adf228175
1,"2017-07-07 02:00:00","2017-07-01 12:32:34",d8378bb103de9b68884b9e4cd2a8dbca
1,"2017-07-11 02:00:00","2017-07-10 22:59:43",de04c03e7fcd10f5d9ccee5584ebf84d
1,"2018-03-15 01:00:00","2018-02-26 22:09:35",d41ac75d7d2093a499ca5d7252a3e3a0
1,"2018-05-24 02:00:00","2018-05-10 21:55:18",0a9578b7213cdc97d31f2e5b5a359bdf
1,"2018-07-23 02:00:00","2018-07-06 22:41:42",33eafd0ea4c37147b521b67b83b6769c
1,"2018-08-08 02:00:00","2018-07-31 18:32:39",61472244e66c39a49da3b3ffb3d28f7a
1,"2018-08-07 02:00:00","2018-07-27 17:14:31",6741e21a24361b07f30063eec3897b37
1,"2018-05-25 02:00:00","2018-05-11 21:18:46",9d77259cf0f321f678b1039dfcad920f
1,"2018-03-20 01:00:00","2018-03-08 16:53:50",aa3ae718cc36bc728bd78c098dc84c24
1,"2018-06-29 02:00:00","2018-06-04 20:18:29",0046176ff0dbc2a178b7885355dfbb71
1,"2017-09-26 02:00:00","2017-09-19 19:03:33",25d054bcaafc7ed0a9b503a55ae9f2f1
1,"2017-08-22 02:00:00","2017-08-14 21:07:48",405a30197dbb4ed83804a680c2bbae9b
1,"2017-11-06 01:00:00","2017-10-23 20:42:19",45ae42280548c03b6b40058b455c462f
1,"2017-09-11 02:00:00","2017-08-30 19:05:59",556d7ec009cdd5ae19dad069c808ad9c
1,"2017-11-06 01:00:00","2017-11-02 14:16:44",78ce488a8f58dbbb19e93dfd9d8d07be
1,"2017-10-26 02:00:00","2017-10-17 19:57:24",bf341a18ec4507f2c05978d31e509291
1,"2017-12-15 01:00:00","2017-12-05 15:48:57",2aabb4d8714e26a76aef91c6f0d5c329
1,"2018-02-07 01:00:00","2018-01-25 18:29:04",86164ba399b05f7311d8ba3c5dd5287c
1,"2017-09-22 02:00:00","2017-09-05 19:34:28",a037c35b691ecad7720b1d5cf7f14bc8
1,"2017-12-05 01:00:00","2017-11-21 19:58:38",b5e461698d26f74f0316a419ee853f39
1,"2018-01-04 01:00:00","2017-12-19 18:33:32",ca9e38465ee744b1f2f686ee2682b158
1,"2017-09-01 02:00:00","2017-08-17 20:23:07",0d25f1b15acb59ceff22667265743132
1,"2017-08-24 02:00:00","2017-08-21 23:48:03",6eb3911724b9c8dff28062f417a5db4c
1,"2018-06-06 02:00:00","2018-04-26 21:25:45",95e418ea130a24742051eb864d986af5
1,"2017-04-19 02:00:00","2017-04-04 18:32:25",01e9feecd7fba975c1869a8fbbb38b65
1,"2017-03-07 01:00:00","2017-02-02 15:38:06",4d7a365119241cbd17c7afb5b39bb9a0
1,"2017-03-03 01:00:00","2017-02-15 17:22:08",5f2e44ea1fc61083103e1a75f61d2bdf
1,"2017-05-02 02:00:00","2017-04-11 20:08:27",6c3753f7fbeb117d143039b581ad02e8
1,"2017-05-02 02:00:00","2017-04-13 18:42:16",aa0833b579391f3c5bf0495431f819a0
1,"2017-04-27 02:00:00","2017-04-10 11:47:50",fd35f639e285f0bbaf74bda9f4e55b60
1,"2018-08-31 02:00:00","2018-08-23 21:12:00",c53650d065ed0639a5181397ce08c423
2,"2017-02-28 01:00:00","2017-01-31 20:42:09",250d181fa1c603024562b93a8f8d5fe0
1,"2017-03-03 01:00:00","2017-02-08 16:15:04",ae25aaffc9b89e8519bb9b5aa59cc8ef
1,"2018-02-14 01:00:00","2018-01-21 13:03:22",5f9f4bf8ef5d9068d9753c5964f5b50c
1,"2018-02-14 01:00:00","2018-01-17 18:13:28",7ff76bc285fc3b21099d0ed9007fd489
1,"2018-01-09 01:00:00","2017-12-26 18:48:53",f4b75a851727133860699dd7a8acda5f
1,"2018-07-19 02:00:00","2018-06-28 13:46:26",13a8db555fde78dd0b116b01b6515617
1,"2017-11-14 01:00:00","2017-10-31 16:36:54",0518657f142278ad13d645c6b5b0a669
1,"2018-01-26 01:00:00","2018-01-08 16:53:24",5d05467df1b7834684fe4c0783f5db1f
1,"2017-04-05 02:00:00","2017-04-01 13:59:56",6b38e49992a77d12586e9cc2cc5b94a2
1,"2018-07-03 02:00:00","2018-06-20 22:22:20",d657b724ccbf3c04cd34c65f6bbadb10
1,"2018-07-24 02:00:00","2018-07-06 20:22:41",087f003cb486254f7454eead9265e992
1,"2018-07-31 02:00:00","2018-06-28 17:56:44",0be098c4a208559b0e6c96c3254481a7
1,"2018-07-23 02:00:00","2018-07-11 16:18:51",197edbaa61a8a349f382553fd2180ee1
1,"2018-07-31 02:00:00","2018-07-11 20:08:53",3d989e705eac70bfb1f4a430924f3402
1,"2018-08-07 02:00:00","2018-07-27 21:41:47",45e64bfe511bd5e24d56e200e29631b7
1,"2018-07-27 02:00:00","2018-07-24 16:58:57",7f81d8bccb5531846cd177fd590ab260
1,"2017-08-03 02:00:00","2017-07-20 20:37:47",83af4399868a710fb5c825aa05704bbb
1,"2017-08-23 02:00:00","2017-08-07 20:29:33",a054d68189a478a9884aef3fc2fcb6f9
1,"2017-08-31 02:00:00","2017-08-07 15:07:23",3c6631c103dfde64020db02048759dd9
1,"2017-10-27 02:00:00","2017-10-16 21:32:43",1db6346bb9b84ddccb41b287b6ca1fd8
1,"2017-10-26 02:00:00","2017-10-09 15:02:51",319d08221500b0aec75b91e63101329d
1,"2017-12-22 01:00:00","2017-12-08 23:23:29",b19c9babb9e3821296dbd532f9adb5e9
1,"2018-03-14 01:00:00","2018-02-15 21:25:12",e1cbc1e8c3204aaecc891d1392f7b4d7
1,"2018-07-25 02:00:00","2018-07-09 18:34:28",05ddf4cc62efcc6f34b8c693eaa2db01
1,"2018-09-03 02:00:00","2018-08-24 22:35:50",1c7c80b8301e9593ab7e370aba54a688
1,"2018-08-03 02:00:00","2018-07-30 15:41:41",1d1e5f659ad884a3f1a760dd28e5606a
1,"2018-08-28 02:00:00","2018-08-21 23:11:27",72074174b87a13299e5d0aad2dae6137
1,"2018-08-13 02:00:00","2018-08-10 18:32:34",95a79263ff4f759875074b9c5024edba
1,"2018-08-30 02:00:00","2018-08-23 00:41:16",d289934bddf878e1cac62c95c8ee5402
2,"2018-07-18 02:00:00","2018-07-10 19:48:19",e56f72c9203fe285a42e1c21888e44d1
1,"2018-02-22 01:00:00","2018-02-20 11:55:00",80cf8a8487e5b2664cc0bacc1a57063f
1,"2018-06-01 02:00:00","2018-05-21 21:46:37",cdb4c1d38fee4e877cf3102aa0c5b814
1,"2017-09-29 02:00:00","2017-09-18 22:12:56",1e9cdcfe3bc61780f3fdf2edc4866484
1,"2017-11-29 01:00:00","2017-11-20 14:48:32",79e49d0b633619b3e94c74b0d640e63d
1,"2017-05-31 02:00:00","2017-05-10 17:20:14",8dd735edc2d172d0d4124014f509258c
1,"2017-11-01 01:00:00","2017-10-20 17:55:53",af5bd9a6ec17e248b6a9ad2c0f528acc
1,"2017-08-31 02:00:00","2017-08-14 14:22:57",42438eb68c55de2ecd158307119790c1
1,"2018-09-06 02:00:00","2018-08-30 23:31:37",00eead1d5a799277ef3d6b387b0bebef
1,"2018-09-05 02:00:00","2018-08-30 00:40:38",1e7d79d08a87fbdc49009885f8990ccc
2,"2018-08-30 02:00:00","2018-08-23 18:28:45",2a898874fbdeadc5df2ea8a0b01b85cb
1,"2018-08-30 02:00:00","2018-08-23 19:45:52",2b161ac439724fda87d03abf890234b5
1,"2018-08-22 02:00:00","2018-08-16 19:08:34",659abef602b62c08e71dbc6892a5cffd
2,"2018-08-24 02:00:00","2018-08-20 12:20:53",671c02c9d32856447f168d9c4b0dc6c6
1,"2018-08-24 02:00:00","2018-08-17 19:51:41",7cc6b9b998cb009fe458744cc5ba5f54
1,"2018-09-10 02:00:00","2018-08-30 18:45:49",86f86502108b157c71437274d7a60be8
1,"2018-08-29 02:00:00","2018-08-23 18:48:53",89f2413853ec50a94699c477188e2901
2,"2018-09-14 02:00:00","2018-08-23 01:10:40",9d4f40b767fac576ddb5e71af7db166c
1,"2018-09-11 02:00:00","2018-08-29 18:03:27",ae0c769d416e6948678cba4fdf4f43c9
1,"2018-09-10 02:00:00","2018-08-30 19:14:21",b724c12024f2ddd6151b0d8dc88a5823
1,"2018-08-28 02:00:00","2018-08-23 18:24:48",b8e11074d7fd4b6123ebcc4af964381c
1,"2018-09-04 02:00:00","2018-08-31 03:37:31",c802ca542cd239a800f378b2059e87f9
1,"2018-09-05 02:00:00","2018-08-29 18:48:34",d51efba225d758550821c63b23bcf48b
1,"2018-09-10 02:00:00","2018-08-31 00:08:39",d9ef23ac673ab7d0f7795354d2328b77
1,"2018-09-11 02:00:00","2018-08-30 23:38:48",df606e00395346b2b2d9e861236efd6f
1,"2018-09-17 02:00:00","2018-08-22 18:09:04",e03178527556af2aeb2b29af558de49d
1,"2018-09-03 02:00:00","2018-08-23 21:42:52",f0913360b958b782d31d3d9f4a8c66f5
2,"2018-09-10 02:00:00","2018-08-29 23:23:35",f30d59d024a381d49e85a1ecfe0d79c0
1,"2018-09-04 02:00:00","2018-08-29 18:53:01",f33f70dad90fd2f5811dbc1d2a46849d
1,"2018-05-16 02:00:00","2018-05-04 23:46:33",248ed74704a24435e9ee328132047c41
1,"2018-04-09 02:00:00","2018-04-04 16:42:50",86839e5d9c4709953ed4c3fa5aa71c54
1,"2018-03-22 01:00:00","2018-03-17 13:08:47",decde2051f14d8e9213dfc5d257c1d43
1,"2018-01-15 01:00:00","2017-12-28 23:48:05",9c9a4274d58a43917a770c9f158c5002
1,"2017-08-15 02:00:00","2017-08-04 21:09:39",7f8345ecf528aa9b47423c9cc5ab3986
1,"2018-03-29 02:00:00","2018-03-14 23:06:35",972570f8874c3f706d151201aca20e08
1,"2017-12-29 01:00:00","2017-11-25 17:38:55",1486d33f863a8330379a999cb8c1ec36
1,"2017-11-22 01:00:00","2017-10-30 18:06:13",9380e70cfb5ded0ce59d85fbb2f16f88
1,"2018-01-03 01:00:00","2017-12-12 22:13:00",d183fc49f91a7ab7a5450ffc7057a6ff
1,"2017-12-14 01:00:00","2017-11-25 00:28:52",22882da9de4f8ee939d10cce52374f55
2,"2017-11-28 01:00:00","2017-11-07 23:42:45",63897b6705887543f6b7e7a468ff337f
1,"2017-11-24 01:00:00","2017-10-27 22:47:35",6ce44e655ce6545d9637e72f7529cb5b
1,"2017-12-29 01:00:00","2017-12-07 17:43:28",86ab8c67b078c9f06af6425f03dc508f
1,"2018-01-03 01:00:00","2017-12-20 00:50:06",8adee5f27ae7551113fc26ce21202576
1,"2017-11-14 01:00:00","2017-10-28 16:42:21",c11b9c3650e886882788fb2f834dd152
1,"2017-12-14 01:00:00","2017-11-28 20:46:43",d6723bcb7c51617cd9bc5d96a3dc052c
1,"2017-11-22 01:00:00","2017-10-31 18:25:52",e7a65544a6dae490049ce2d3ce4af13d
1,"2017-12-28 01:00:00","2017-12-06 19:43:05",f4ca52bb4cdf0d58abc5784ded7c43b9
1,"2018-08-15 02:00:00","2018-08-14 23:05:33",44d48877c193df24fccfd55feefe7521
1,"2016-11-24 01:00:00","2016-10-24 18:33:45",1ff217aa612f6cd7c4255c9bfe931c8b
1,"2017-11-13 01:00:00","2017-11-06 22:11:59",4379c802ba499c2c871ee501a835c33c
1,"2017-11-08 01:00:00","2017-10-26 22:49:58",d79d241a5cf403c982409819c8aaaa98
1,"2017-09-08 02:00:00","2017-08-25 21:51:37",2f8eae41d935a729065d6b24ea0eebc0
1,"2017-11-01 01:00:00","2017-10-17 01:45:42",90558ff73a60e332ae75a7eef8d36b83
1,"2017-06-21 02:00:00","2017-05-25 17:14:40",a3e47ceb0f0691a07708121b7a1e412c
1,"2018-02-26 01:00:00","2018-01-26 21:12:11",996398cee62ebfe4ee7f2c2a4c969742
1,"2018-02-02 01:00:00","2018-01-16 12:59:38",85a0c0cf54ea8b1b295945416eb5ee3e
1,"2018-01-10 01:00:00","2018-01-09 20:42:07",341ec2709ac1eea8f492c24d31a06942
2,"2017-11-29 01:00:00","2017-11-01 17:48:45",c2deaee5e0fe626293e81bcfb557932e
2,"2017-11-10 01:00:00","2017-10-17 17:38:05",d395487acc00973147547457dc3af3f9
1,"2017-09-12 02:00:00","2017-09-01 18:50:05",157e702ae4f88625094537c5323fa84c
1,"2017-09-04 02:00:00","2017-08-26 00:07:57",23a4ec9714f8ca77c27110124f5e8259
1,"2017-09-15 02:00:00","2017-09-04 18:05:34",2fb41f7fd5712215690c4c8a37fdefc5
1,"2017-09-28 02:00:00","2017-08-31 22:12:56",5531c5191d84b148fedae149af1971ad
1,"2017-08-24 02:00:00","2017-08-07 20:35:56",8366bc5a7f299fe8b982e7e3e4aada34
1,"2018-06-29 02:00:00","2018-06-19 02:06:02",1c020c2a20a524371e81f9ef21eca0b6
1,"2018-08-01 02:00:00","2018-07-10 19:32:06",55ef1695189508c09b58080d53d2b32e
1,"2018-07-16 02:00:00","2018-07-05 17:13:43",70e534acd4ff3f46956f7b4b36418474
1,"2018-07-12 02:00:00","2018-07-03 22:21:43",a40c4b7cef76fa945aaa465b7d13c1ae
1,"2018-07-16 02:00:00","2018-07-04 15:29:02",c75eebf08446545f765d7cfc1ab89342
1,"2018-07-24 02:00:00","2018-07-06 14:25:50",f374cd1f554940d83076f51951f456ac
1,"2018-09-19 02:00:00","2018-08-24 19:48:44",2b4509bf2ed25bb2181a5279f8a4123a
2,"2018-04-26 02:00:00","2018-04-14 01:55:51",c751f7b0f44fcb8bd374ef518ad5c466
1,"2018-06-01 02:00:00","2018-05-22 17:14:45",d9c24372ad19900d28302a9ffd3da0ec
1,"2018-05-09 02:00:00","2018-04-30 19:54:25",0009c9a17f916a706d71784483a5d643
1,"2017-11-09 01:00:00","2017-10-19 20:20:09",010ff1cfe12f3094577e72b7bcecdf98
1,"2017-10-26 02:00:00","2017-10-13 22:53:50",b2953fe5cb836908b29ad9147658d6c0
1,"2018-02-13 01:00:00","2018-01-31 20:13:13",474cefe70ac457aaa468b62e07818c5e
1,"2017-03-24 01:00:00","2017-03-13 15:23:53",a4d541965fdf41f59fcbdd53630627b9
1,"2017-12-12 01:00:00","2017-12-05 19:09:12",02dcfbe3274b16820a9fca74c156dc9a
1,"2017-09-25 02:00:00","2017-09-09 00:15:41",10baace34a8f00b9b8a872d49d897fc9
1,"2018-03-19 01:00:00","2018-02-14 22:22:12",d9107994bd1bf31404591bce06a547f8
1,"2018-08-31 02:00:00","2018-08-27 21:38:55",31b0ad9590cbb7cce97820802ad69c6b
1,"2018-10-02 02:00:00","2018-08-30 13:58:39",2e2439a5475026018c3062e54f16f56e
1,"2018-01-24 01:00:00","2018-01-07 15:58:42",a3a243e267c153d4acf4c49c2c6b68d6
1,"2018-02-26 01:00:00","2018-02-22 22:05:16",e28092688b076f8a163428deea7e3bfd
1,"2017-03-30 02:00:00","2017-03-14 16:34:31",0094dc9ea7e3cd54d95aea42685673ff
1,"2017-09-26 02:00:00","2017-09-06 00:33:55",b161deecd4d00e692166e541a2bff028
1,"2017-10-19 02:00:00","2017-10-11 16:02:50",b8a939e0425262884b50cbd95032f71b
2,"2017-04-18 02:00:00","2017-04-03 16:23:44",df63ae0d0b2e5965b6c56834f1ed3ec0
1,"2018-01-22 01:00:00","2017-12-27 23:59:28",e46f9622385a1b432c5376bc7a3be042
1,"2018-07-24 02:00:00","2018-07-02 17:29:00",1308ad90597fb922916cd20eda3d53b2
1,"2018-05-16 02:00:00","2018-05-04 18:24:30",275743d143363260c8de58ac45967d73
1,"2017-10-10 02:00:00","2017-09-15 22:14:52",16a02781e79ebfb2354323d102e53b8a
1,"2017-07-11 02:00:00","2017-06-28 16:32:25",c2878b60d8e2a4ee3b463b81e9ddd8c1
6,"2018-06-13 02:00:00","2018-06-04 21:18:35",055cf2a6f9343f99acdb5e8f70e49bd8
1,"2018-08-06 02:00:00","2018-07-10 22:10:29",0ac37dcbb2a733a4d81866a91ff65965
1,"2018-03-22 01:00:00","2018-03-14 16:41:46",3ca5e7693386a872242471df60bab834
1,"2018-05-23 02:00:00","2018-05-09 14:56:59",67ce27ca25eb14dc27770b988fe47ebd
1,"2018-07-17 02:00:00","2018-06-27 00:03:29",71b9f09ef6a6f0957d9a0bceeaf7d97d
6,"2018-06-04 02:00:00","2018-05-14 17:54:50",7683e28d403c6a04e30902e9e415eec8
1,"2018-08-10 02:00:00","2018-08-10 01:50:31",95160939719ddfef2f951cc36e468567
1,"2018-05-08 02:00:00","2018-05-01 18:12:09",aea98a9d19779475e8dd3302d7eb5ff3
1,"2018-04-10 02:00:00","2018-04-07 00:06:55",c1f2b0dab3c67d4cb4eb6bddf1f6a531
1,"2018-06-07 02:00:00","2018-06-04 23:16:49",c2e9150ecca583eb68c1e2e2b650caac
1,"2018-05-02 02:00:00","2018-04-18 19:12:33",d495dd3f39ec305acc17bcb39712f772
1,"2018-06-13 02:00:00","2018-06-05 23:18:37",df9f35f4d3e966c35d7c1c81c4c7ba73
1,"2018-04-03 02:00:00","2018-03-29 22:35:16",efab4aff7807bb9194a9f4f434820161
2,"2017-05-18 02:00:00","2017-04-29 10:56:29",668ca58f384c0f1007054dbf6c280242
1,"2017-09-20 02:00:00","2017-09-13 22:53:43",82919647c77d6bdf1f3edba9eab8e1fe
1,"2017-11-01 01:00:00","2017-10-16 20:37:51",c932ba6d8ed80935ea754bb0bf682024
2,"2017-07-05 02:00:00","2017-06-19 16:42:40",d2f58960c81caf5243ff54e961e470a9
1,"2017-11-06 01:00:00","2017-10-23 23:29:00",dcbc872c5cda84c5d6373c44570b4889
1,"2018-05-02 02:00:00","2018-04-24 01:07:04",d475cd99eba7eab0c735010e849c0376
1,"2018-01-19 01:00:00","2018-01-10 22:08:09",c42d511bb52d7f195c92a0c973109976
1,"2016-11-30 01:00:00","2016-11-17 10:23:50",6e0d2539e48e84296bae6290de41058c
1,"2016-11-28 01:00:00","2016-11-17 14:07:53",90aea7c4e52538a18cb9bbfd16f09185
1,"2018-05-15 02:00:00","2018-05-03 20:36:47",0d4a43cf7b7994e0a782864d075dc842
1,"2017-12-01 01:00:00","2017-11-13 18:38:25",fb362fb533a2d245c5822558de85ce16
1,"2017-04-17 02:00:00","2017-03-30 07:24:43",9ba82750c563828973f933ffcd80febd
1,"2018-08-27 02:00:00","2018-08-03 20:41:25",9fe26c640da2c51c4f699a364a195ccd
1,"2017-11-07 01:00:00","2017-10-20 23:23:38",39bed80f240ec8f46e7ab30e6dcd343c
1,"2018-07-18 02:00:00","2018-07-10 22:33:05",0300095becf10f9b2993706759522741
1,"2018-09-17 02:00:00","2018-08-23 02:03:19",8258256a5491a4e80cbc6e6d15362318
1,"2018-08-28 02:00:00","2018-08-18 04:36:28",87f532dad65980681431fe6307b47fb3
1,"2017-09-15 02:00:00","2017-08-29 23:19:10",b5b143bb15757cfbb8c5f447e4586940
1,"2017-08-25 02:00:00","2017-08-17 20:42:23",db32ee8b0e87ee3a544e6bdb2a69d749
1,"2017-02-23 01:00:00","2017-02-08 11:45:40",1c47e7875c7c3bd3399467e179c5c3bf
1,"2017-02-22 01:00:00","2017-02-09 13:15:20",38e2829123a2bd1cbe111564824d0abb
1,"2017-02-27 01:00:00","2017-02-07 18:27:57",5f6b520cff06f23c77386b75976256e9
1,"2017-02-22 01:00:00","2017-01-31 10:14:15",65fd2f07bc74b8df1728cc3ee9e19ebb
1,"2017-03-24 01:00:00","2017-02-13 12:07:57",89484162f10c48a5cbccb77221419395
1,"2017-02-22 01:00:00","2017-02-03 16:53:49",9e1b7a7d17aa42da16ee605b5fee2e0a
1,"2017-06-07 02:00:00","2017-05-30 06:23:56",13891a1a55cf023484b8b06a5c08049b
1,"2018-08-07 02:00:00","2018-07-11 22:22:03",c5dc3239938cdd5fbaa0dae29b966d2c
1,"2018-08-02 02:00:00","2018-07-05 20:32:48",e4ef0775ca01d0f6839f7d362041abef
1,"2018-08-01 02:00:00","2018-07-28 21:57:40",fc608ec5eadbd9c3b59babdc1f7ebca9
1,"2018-03-05 01:00:00","2018-02-20 20:44:16",f03606e5e4ae88ce00116fa7fcc84267
1,"2018-03-19 01:00:00","2018-03-08 17:11:46",54f0988d1c9f5f7f90410c09b2cbc6e5
1,"2018-01-12 01:00:00","2017-12-27 15:20:00",d48ccff01a1b3e35b69d6b6ed81a352a
1,"2018-01-10 01:00:00","2017-12-20 20:03:16",46d740c3925f87cab7d14d4e55cc47a7
1,"2018-05-11 02:00:00","2018-04-25 21:41:10",562f45bf4a946810053214c29d752e85
1,"2017-10-05 02:00:00","2017-09-04 21:34:46",727d1e48f072a26b71d59a5238160e63
1,"2017-10-06 02:00:00","2017-09-04 22:26:44",a5af18a4ca6fc19e882cc17b9a2a16db
1,"2017-08-30 02:00:00","2017-08-11 22:23:27",864bd5ba759c631c93986c49f5c42168
1,"2018-05-15 02:00:00","2018-05-04 19:57:31",6cad8647b638219c1df923544cc5aa0c
1,"2018-08-31 02:00:00","2018-08-27 19:48:22",0450f2effaa0b03d5c7c5456338f48ff
1,"2017-12-26 01:00:00","2017-12-06 01:57:43",1303938f4e61db6da994b6d00e34e7b0
1,"2017-12-21 01:00:00","2017-12-16 15:47:43",33688e8b749940b759d6824ddf7f437e
1,"2017-12-21 01:00:00","2017-12-03 10:51:47",fea5a7b9dcb6be7d730de9835ec5e7ad
1,"2018-03-22 01:00:00","2018-03-05 21:53:02",93a21c10557cc1b1ecfe2c3a808c648a
1,"2018-03-14 01:00:00","2018-03-05 22:16:40",5e2df6edba813cfb4d74bdccf9d13a2b
1,"2017-06-09 02:00:00","2017-05-29 13:24:42",ab5e70933adc821b7fa1ab45759ab54a
1,"2018-03-22 01:00:00","2018-03-19 17:07:51",04d11ad47e18aa9180d9d9cc7678f496
1,"2017-12-14 01:00:00","2017-12-07 18:31:59",04ebaf1d65a804a49b4b1011467aaf47
1,"2018-03-26 02:00:00","2018-03-15 18:06:51",05bf4fdb30932b7910144b4359ea9f69
1,"2017-11-09 01:00:00","2017-10-30 20:42:36",05d7aaa733ad65477075a3b5bf0f1017
1,"2017-10-31 01:00:00","2017-10-25 21:05:54",0bcb782ba7956aa53f7f565159107488
1,"2018-03-02 01:00:00","2018-02-15 18:25:21",0e41154364b2f30bb4b7a09519978b55
1,"2017-09-27 02:00:00","2017-09-11 22:20:05",0f803d75772c7ca391ad07aafd23941c
1,"2018-03-19 01:00:00","2018-03-09 23:21:18",107b6dd80460768e617562eb52b4b9a9
1,"2018-01-19 01:00:00","2018-01-08 23:04:15",139f560e44636d72034722f833c7fdbc
1,"2017-11-27 01:00:00","2017-11-17 20:13:00",178a419a329f2b4bf50a68f7357f8fce
1,"2018-01-24 01:00:00","2018-01-06 16:07:53",18bab9568c4898babcda154767606442
1,"2017-10-31 01:00:00","2017-10-26 13:43:41",1d205ebf60a8861d97019102c645668b
1,"2018-05-16 02:00:00","2018-05-08 16:48:46",1e5995be669dd5c3e290a163f1394dce
1,"2018-03-28 02:00:00","2018-03-19 21:34:50",1e99772772632294dae0c56c2b83bb1f
1,"2017-11-09 01:00:00","2017-11-06 11:58:41",221075271fec0f4230ccfb754b0282d0
1,"2017-09-19 02:00:00","2017-09-15 14:53:40",23dd5794f9e689dc3862270739f8659d
1,"2017-09-21 02:00:00","2017-09-13 21:24:48",2c67561120ceec16df8e4b5753e23193
1,"2017-12-06 01:00:00","2017-11-28 22:58:07",30fd7baf715c4bcd55f1a39c84e56b1d
1,"2017-09-21 02:00:00","2017-09-13 19:00:09",3290d044feb4a9f2f4a195441b12ffe1
1,"2018-02-06 01:00:00","2018-01-25 21:06:38",33ab677344c9faee8b18f69d606bb153
1,"2017-10-24 02:00:00","2017-10-14 15:45:47",34d7c2c94f8f4d4f2153adcb60b22145
1,"2018-01-15 01:00:00","2018-01-08 17:20:06",3681bab4effe9b62e6ad70e65a7637de
1,"2018-01-24 01:00:00","2018-01-17 15:14:01",3dbbfe7e312f28ebaf69dc5033b96438
1,"2018-01-19 01:00:00","2018-01-10 23:23:36",3fe2752b68871c3a8fa897a947b10309
1,"2017-10-24 02:00:00","2017-10-18 15:23:13",46ab3e1c2c3eed0ed5bd72930759d25e
1,"2018-03-23 01:00:00","2018-03-20 21:36:26",4bcbf495ab204cfc6d9f6541f4fcceec
1,"2017-12-14 01:00:00","2017-12-06 21:53:53",4e71869ac934be7c5510f1d24c0c8672
1,"2018-01-24 01:00:00","2018-01-08 17:25:37",4f3de3deeaf6d610c29678e04a0015ce
1,"2017-12-04 01:00:00","2017-11-28 16:46:15",55c76b1c3f3d54cae39dbe18b803f84c
1,"2017-09-21 02:00:00","2017-09-15 23:13:49",572acae7da06b5b656a1b296d1fb131f
1,"2018-01-16 01:00:00","2018-01-08 17:48:37",58297f23eadfb90b3aab1977f2ac8207
1,"2017-11-08 01:00:00","2017-10-30 16:51:44",5a328406a89e62a595591f1a4cdeaa91
1,"2017-12-18 01:00:00","2017-12-07 21:59:50",5b3a129d267d949715aa05716b21cc81
1,"2018-01-16 01:00:00","2018-01-08 17:52:08",5b8983a14e57e83fee3e9c9b6de5dc04
1,"2017-09-05 02:00:00","2017-08-28 20:21:42",5e437aa4ed75f875937a1df3a2f41422
1,"2018-01-15 01:00:00","2018-01-03 23:36:12",61c7b1cf28b58654fe411aaf87fe249d
1,"2018-01-30 01:00:00","2018-01-11 14:27:11",633382b6e9abe0085b19aa12edaf7e08
1,"2017-12-19 01:00:00","2017-12-16 01:13:43",6416f07d133c720705c402021f612b58
1,"2018-04-23 02:00:00","2018-04-17 18:54:43",67eb3ce7b13b9f4112f71b922f69d234
1,"2017-11-23 01:00:00","2017-11-10 19:07:35",68cc65e4e8c5d7c8590c6d9d7aedba0c
1,"2017-12-15 01:00:00","2017-12-12 21:33:18",6cd4b1d2491c44f2fb48d9e55687321b
1,"2017-09-01 02:00:00","2017-08-23 19:47:47",70bd71735041b0632436794811a49864
1,"2018-02-07 01:00:00","2018-01-23 16:23:12",87f003dca70d4d22518366caf041e845
2,"2018-02-05 01:00:00","2018-01-24 22:12:42",8b21fb2df5ea38807dc254552c40cf84
1,"2018-01-30 01:00:00","2018-01-12 21:52:16",91ce1f474cc41b0c5317e79388fe50d5
1,"2017-12-08 01:00:00","2017-11-29 20:40:02",9365c8c75027cd5e429a9355f1e088b8
1,"2018-01-30 01:00:00","2018-01-12 23:15:06",9adae62961a3cc489a66f4032ceb57a6
1,"2018-04-25 02:00:00","2018-04-17 17:24:45",a1d4c96bf57bd062f427fb7e9096b90f
1,"2018-05-15 02:00:00","2018-05-02 18:19:21",a387881ed6ea231b518106c07236e549
1,"2018-01-24 01:00:00","2018-01-15 23:58:54",a6ace570cadcb893e8c89cbc24c3f567
1,"2017-09-29 02:00:00","2017-09-25 18:03:30",a6d7ec86cdee674d7af1adaf72f05cb3
1,"2018-02-05 01:00:00","2018-01-26 22:41:44",a967b2911a10315ea9e93191515fad0c
2,"2018-01-05 01:00:00","2017-12-21 20:13:58",a97c3c176ba255c62bb5400d42d47e96
1,"2017-09-13 02:00:00","2017-09-08 22:43:35",b07c9c5d4b4b96db91b933d31bed5248
1,"2017-12-15 01:00:00","2017-12-11 17:06:43",b17cb553a97861363c34ba9e88fe3d5d
1,"2017-12-19 01:00:00","2017-12-13 19:35:24",b840efce97754cdc38ec59b6f4c177fa
1,"2017-11-28 01:00:00","2017-11-17 21:05:08",ba41c48ea14a8b704c1645f32aedefa8
1,"2018-01-24 01:00:00","2018-01-08 23:59:19",be4bbf54d948c09c8aac488a1162c1e1
1,"2017-12-26 01:00:00","2017-12-19 18:38:41",bf2167abb407021a362558b6a9fe6bc3
1,"2017-12-13 01:00:00","2017-12-05 16:38:59",c228fb80043a1ebf0ab361c676972a34
1,"2018-04-16 02:00:00","2018-04-02 22:08:53",c2732918af31f35e7fcf5d1bfb9b92fa
1,"2018-03-19 01:00:00","2018-03-09 22:36:27",c575d4ac51a449488b640e19092ab952
1,"2018-01-19 01:00:00","2018-01-08 16:46:41",c5a6478adc7b22ab68336068e514376e
1,"2017-08-21 02:00:00","2017-08-11 17:18:54",c9dac7423ceeeaf70c396a2879d06ec3
1,"2017-12-27 01:00:00","2017-12-08 23:28:55",cb4468949989bffeeb1d3aa03efb25d0
1,"2017-09-19 02:00:00","2017-09-01 21:27:32",cf9fc0dda8554193b41e69f30fb570c9
1,"2017-12-07 01:00:00","2017-11-23 22:05:43",d10be1718c45ae0bd50cbfb5b3814089
1,"2018-01-12 01:00:00","2018-01-08 20:16:34",d20cc478dbe8fa50221ece6ddf0641b3
1,"2017-09-20 02:00:00","2017-09-12 18:32:40",e1666defbb1e17b545b7ce2b98d99f27
1,"2017-09-06 02:00:00","2017-08-31 20:53:36",e55d0223c37b4e75982efffd10fcdd39
1,"2018-05-08 02:00:00","2018-05-07 21:32:21",e74dce994d1d4b754ec4a4e709b8b65b
1,"2017-12-06 01:00:00","2017-11-27 18:57:23",ea6ff0ed3f74b7699b032447def50d75
1,"2017-11-14 01:00:00","2017-11-07 20:42:06",eaa99789a47020b46cb0effbc0db5c52
1,"2017-09-28 02:00:00","2017-09-27 19:15:40",ebdaf57f968f138db2203c944dafd49a
1,"2017-11-06 01:00:00","2017-10-30 14:25:31",eeb2e664debf2c0bd41c970e2122858a
1,"2018-01-29 01:00:00","2018-01-09 14:35:07",f05e32e2cc67748c34a77da2ff68841c
1,"2017-12-15 01:00:00","2017-12-04 22:17:10",f3c7adf3b94a38f6822478ff79db46e7
1,"2017-12-14 01:00:00","2017-12-12 16:58:26",f4acc0596b8a9fa4199a609584e1bcf7
1,"2017-08-11 02:00:00","2017-07-31 17:19:42",f5ef2dc393fb470c2dbd4293efcc160e
2,"2017-10-20 02:00:00","2017-10-10 01:16:06",fbad56f6a1339fecaa323b209c423b1e
1,"2018-01-30 01:00:00","2018-01-20 12:18:33",403990c5fffd698dc79416488b3fb1fa
1,"2018-04-09 02:00:00","2018-04-06 03:14:35",49379667c1feebaf34be9e13b01210b9
1,"2018-03-05 01:00:00","2018-03-02 00:46:50",5960d0cd975b6c256e9609ebea940f4c
1,"2018-02-01 01:00:00","2018-01-27 15:38:58",9731600489418b72d2c8c1c914fbf05b
1,"2018-03-02 01:00:00","2018-02-20 19:59:03",9e81c4ecf83ac3e5fce3ea780b1aa38e
1,"2018-02-14 01:00:00","2018-02-01 22:29:09",b1a993bc40f696232b7a6a528ab337d7
2,"2018-04-26 02:00:00","2018-04-23 22:02:50",e9007e380558105d9508dbc5b6e3ec59
1,"2018-04-17 02:00:00","2018-04-07 00:35:30",68101694e5c5dc7330c91e1bbc36214f
1,"2016-12-12 01:00:00","2016-11-28 16:38:37",09dd83f72b2516179cd46b81121fad23
1,"2017-03-21 01:00:00","2017-03-10 09:27:31",ccd9ab6d617068dfcefbe49e1322c878
1,"2017-12-13 01:00:00","2017-12-02 16:09:01",0778921b814304f85cb9188625e50625
1,"2017-04-19 02:00:00","2017-03-28 16:44:17",8f909d2a25c1618219801a24a48871de
1,"2017-04-26 02:00:00","2017-03-30 16:38:45",c2ed06437a123b8c578ce63581930191
1,"2018-08-08 02:00:00","2018-07-28 18:18:37",f6284b20e702b2576ee9a3531fde571d
1,"2017-09-21 02:00:00","2017-09-07 00:41:37",06adc78b559bb5077b7748618fb45c17
1,"2017-05-09 02:00:00","2017-04-26 23:06:11",2e93a6eb72860427a8dd780b12618992
1,"2018-04-11 02:00:00","2018-04-03 18:48:26",c41790594db216ff69f55d178ea8c863
1,"2017-11-29 01:00:00","2017-11-13 21:51:46",6496c94097bf68ceb80535be2e73c766
1,"2018-03-15 01:00:00","2018-03-01 23:22:55",7440954562ac54f803e472bc3491287d
1,"2017-07-03 02:00:00","2017-06-26 16:42:10",83ac7baaa477085adfafa311103efaf5
1,"2017-12-04 01:00:00","2017-11-17 07:33:06",08f982d8b8d8de12b00d35edefe5d26a
1,"2018-01-19 01:00:00","2018-01-09 17:03:28",66ecad7b5ce5c0df4e95f46d12076ed3
3,"2018-08-15 02:00:00","2018-08-10 18:30:52",ed4bfa707956ab491448f8f28a48f6c6
1,"2017-03-17 01:00:00","2017-03-07 11:27:52",e2e8773d11f4499f15349b8f613350a0
1,"2017-05-26 02:00:00","2017-05-17 11:55:30",0c21f042461cf5e64d2c087fdcc93fd7
2,"2017-05-10 02:00:00","2017-04-18 14:58:46",15ef84e2fdba1fb2783ed97832b66820
1,"2017-05-17 02:00:00","2017-05-12 14:17:48",5a8a26a982045e5cd9d257b5fdef75c9
1,"2017-06-14 02:00:00","2017-06-02 20:03:04",6e09e14cbfbf46215f17805edfb79aae
1,"2017-05-30 02:00:00","2017-05-23 14:04:08",a6943daaa93816310c2f34c75774e9e2
1,"2017-04-07 02:00:00","2017-03-28 15:21:53",b0edc0b20a380c879d0775721c5b5b20
2,"2017-04-26 02:00:00","2017-04-06 16:42:47",b68feda578fe41870ba7a14082ce03fa
2,"2017-06-01 02:00:00","2017-05-24 18:42:55",c252ac96b969b3f1f2c4b266a7a98c28
2,"2017-06-05 02:00:00","2017-05-24 18:03:59",c4f78575643f2f35c117ade8521fc9bf
1,"2018-02-16 01:00:00","2018-02-02 05:56:36",146479aaf9d2856e1d613691b0d0b049
1,"2018-05-04 02:00:00","2018-04-12 20:28:30",224b8a1097696621e5ab952014690223
2,"2018-04-02 02:00:00","2018-03-22 03:07:11",31641d348e3b49cd143c3bd490c100b9
1,"2018-03-12 01:00:00","2018-03-02 21:29:24",40b8e198f9be930c141b807fe417dd07
2,"2018-05-29 02:00:00","2018-05-09 23:47:42",7b46ef3113a4b5ca5e06eb8ac14131c2
2,"2018-03-15 01:00:00","2018-02-28 15:00:02",7b70e6de1d128a5d14fa078e615d837f
1,"2018-04-20 02:00:00","2018-04-05 23:18:48",7e472035214881a3939517a7d4e766a8
1,"2018-03-16 01:00:00","2018-02-28 18:36:14",f0ef9b99abb2937dd8698615e6c2f909
1,"2018-03-14 01:00:00","2018-03-06 02:13:54",fd13060be6469ec5e5986eeb10930d90
1,"2017-04-07 02:00:00","2017-03-28 19:13:59",ec2a8c52ab5037c04553f10bcaccd971
1,"2017-12-11 01:00:00","2017-11-26 14:49:08",0b8223a2d582ee50740baba714b65256
1,"2018-08-31 02:00:00","2018-08-15 23:57:49",8458b41c26bf20ba9b4ad514cacd4b2a
1,"2017-12-01 01:00:00","2017-11-21 19:22:32",5ac307bf9cc42cc06491535dfd5b87ab
1,"2017-10-26 02:00:00","2017-10-17 01:04:23",e3dfc1d63188473e77b32f94f94aeea3
1,"2018-05-28 02:00:00","2018-05-21 16:22:45",86d54b4e93f8e68d4aa40c56ea046c5a
1,"2017-09-28 02:00:00","2017-09-22 23:26:06",ab5f90eadc79573fb310e7c66e05ae19
1,"2017-11-01 01:00:00","2017-10-21 19:49:56",b63934429b72730e2046b81d20feb876
1,"2017-07-18 02:00:00","2017-07-10 20:22:54",cfa438aab28ed50c386312e0e475dd82
1,"2017-12-26 01:00:00","2017-12-16 15:24:31",1c42ccf6b3984742a3eacfcf23b4a67b
1,"2017-12-20 01:00:00","2017-12-14 21:19:35",213ad5719ed8d1e0192c3c129b76a34c
1,"2017-11-09 01:00:00","2017-10-30 21:22:59",3155d8e868068ec1a05318b9289b81e2
1,"2017-07-18 02:00:00","2017-07-03 16:12:00",5f92e202714f58d016aa087092c33fe7
1,"2017-12-15 01:00:00","2017-11-30 18:46:41",628208ac37365620cce723ba58775d8d
1,"2017-03-03 01:00:00","2017-02-09 14:25:07",de3fbfa556cedccc424406bcb5eaac96
1,"2018-03-01 01:00:00","2018-02-16 21:12:34",10980615138835de121262cf38488689
1,"2017-12-29 01:00:00","2017-12-11 19:54:47",1af8d93c6e62a97baeb370a572abe758
1,"2018-03-07 01:00:00","2018-02-21 00:16:54",3ebcb0405b37542a02c3ec916ff70b36
1,"2018-01-09 01:00:00","2017-12-19 00:53:17",3f3d5f3033e9139ee7290ce6c74b6b79
1,"2018-02-06 01:00:00","2018-01-18 17:23:25",6a587a7eb18089ffa1628bb4eb427c19
1,"2018-02-02 01:00:00","2018-01-23 15:51:37",8836e9da58524060994ead4403874ad3
1,"2018-04-23 02:00:00","2018-04-14 02:58:54",d17638ac2491f744bd174a75e2b9c4dc
1,"2017-12-04 01:00:00","2017-11-22 21:41:23",de3a93f2df895a8b77a7e947b56a1af5
1,"2018-01-11 01:00:00","2018-01-04 23:09:25",e4056cda2102828227ab4626fcbfcded
1,"2017-12-05 01:00:00","2017-11-21 15:21:58",ea07fcd3f9385395f50217c8ca1eaa45
1,"2017-12-26 01:00:00","2017-12-06 23:32:58",f3b26a8dbd85e93a90ae813f6d67b2a0
1,"2017-11-06 01:00:00","2017-10-10 00:42:41",0e3ee99a343d05fc3fa4256f7c675c63
1,"2017-12-06 01:00:00","2017-11-27 23:46:51",d83d59b310da489d03434dc07fdb0d78
1,"2018-03-01 01:00:00","2018-02-02 23:04:13",2def1e16069e08497e9e9bc186bbcb9d
1,"2018-03-21 01:00:00","2018-02-22 14:26:53",727a51d784105f91883012d7a797fcc0
1,"2018-04-09 02:00:00","2018-03-09 01:17:35",7f73071c538cbb2b10e41a3041db481d
1,"2018-03-26 02:00:00","2018-03-04 11:46:51",8968fc980ac5028c64249afa13a02920
1,"2018-03-27 02:00:00","2018-03-07 20:09:39",d202554195e58c33ec744226022191f1
1,"2017-07-12 02:00:00","2017-07-03 18:05:05",0bb0dd89956cc5f44ff556c2189e7160
1,"2017-10-03 02:00:00","2017-09-26 21:55:04",18bfcd3049f8effbdf7a7e9b11d07f38
1,"2018-05-11 02:00:00","2018-04-18 03:22:29",fa489b941eb1d4ccba665793c2dec608
1,"2017-04-10 02:00:00","2017-03-30 16:37:29",29124c072d8e7d7681a0bebfe267c67a
1,"2017-04-12 02:00:00","2017-03-23 18:18:15",1daadb218e1c16168ce3c3888ade376c
1,"2017-02-20 01:00:00","2017-01-30 13:13:46",2f371d97b4ea52be4c04ef49bb4f31ff
1,"2017-03-15 01:00:00","2017-02-20 18:34:09",42e7795ee0acd43f7392b9f31bb39c33
1,"2018-08-28 02:00:00","2018-08-17 21:11:32",1314746d24fc84d41f49777b0ad90c69
1,"2018-07-25 02:00:00","2018-07-03 20:34:40",227881fdf69e55ab7906b7a818dd5e39
1,"2018-02-14 01:00:00","2018-02-01 22:56:44",aa2e4895f7a5c83f8eca905a39bde26d
1,"2018-07-16 02:00:00","2018-06-19 23:04:04",eedde7b7971429b2b6ae01b53411dd90
1,"2017-10-25 02:00:00","2017-10-19 17:42:22",a76350c88470281e23e8fb2a32fecd2e
1,"2017-10-23 02:00:00","2017-10-14 02:59:58",adaf9c2200eccede886e041415e89df1
1,"2018-02-06 01:00:00","2018-01-23 23:36:11",cc3518a32accaeeca420bab0fedd0661
1,"2017-07-11 02:00:00","2017-06-19 16:17:54",dc8e3dc6a8e29fdc96bb539516a4a175
1,"2018-07-24 02:00:00","2018-07-04 00:51:12",c8190ec25152e9e725de81876f1b9125
1,"2018-07-05 02:00:00","2018-06-20 22:04:06",6620e428554c0be33f1fcb699c9d683d
1,"2018-08-07 02:00:00","2018-07-27 01:16:31",7e00454e2e8b8b2e12e9a580ec77f00c
1,"2018-07-12 02:00:00","2018-06-20 18:09:48",8bdbc426f547861538f7d59ac2c21c9f
1,"2018-08-09 02:00:00","2018-08-07 15:47:45",a3f586050d25a10efc72e242c88e0c03
1,"2018-08-08 02:00:00","2018-08-01 17:26:02",b17b0e273b31b9bdc4c86d55ce1f2b87
1,"2018-06-28 02:00:00","2018-06-07 23:08:06",d8159fecf6cf88c5f33174f70c304037
1,"2018-07-17 02:00:00","2018-06-29 00:04:38",dd29c320fd584533a33b3e7dd1258611
1,"2018-07-26 02:00:00","2018-07-05 01:03:26",f0ea34d58a86eb887f6a0dc005d6d80b
1,"2017-07-28 02:00:00","2017-07-17 22:06:20",74eba88c228b81196e604cffff7b4fe0
1,"2017-10-30 01:00:00","2017-10-25 22:53:49",8418f6b2abe992eedc0c136424fa139e
1,"2017-06-23 02:00:00","2017-06-05 12:49:46",93e0e074b46eb5837fc8056c8e70710f
1,"2017-09-20 02:00:00","2017-09-13 22:40:10",a5507507d82c1fb664405882ed065af0
1,"2018-08-30 02:00:00","2018-08-24 19:51:00",62005c92ae50253cbafc90c07cf33d2e
1,"2018-05-07 02:00:00","2018-05-03 21:52:15",1091b52a01d06a2bf1e97ca70cb2d75a
1,"2018-05-22 02:00:00","2018-05-15 23:23:58",236992e91012a3c75936dd524d4cb688
1,"2018-06-05 02:00:00","2018-06-02 14:08:57",24643770500b1396c93afd30d760f444
1,"2018-08-22 02:00:00","2018-08-20 21:46:43",3ed46d0aeda8a091370db112656e55cc
1,"2018-07-12 02:00:00","2018-06-23 19:08:23",54e4556bb09818e0efeb30e86c4022e0
1,"2018-05-29 02:00:00","2018-05-18 15:58:21",5b36d696990ca3b000d4094e51d5b2a1
1,"2018-07-26 02:00:00","2018-07-12 20:36:30",715c19fb47250380be905cedcd442b5a
1,"2018-06-28 02:00:00","2018-06-06 16:05:59",777e1991a17b077dc363745bbaf05e2f
1,"2018-08-28 02:00:00","2018-08-15 21:08:33",95dda89c1cb224cddb6c5e1d81d4666c
1,"2018-09-14 02:00:00","2018-08-30 23:16:34",b0e9288a209f5ec50391c140dba4c91f
1,"2018-08-02 02:00:00","2018-07-30 19:57:35",e316d83fd9aaec07226cb3abfcf342d1
1,"2017-03-01 01:00:00","2017-02-14 13:35:57",5e24cd2a73451af2660215702f8abc57
1,"2017-03-24 01:00:00","2017-03-14 10:53:43",7d3d0586319a920f50ceec0a5a9eaf55
1,"2017-04-03 02:00:00","2017-03-19 06:18:51",97c9845a8e4bfe01540ef64fe2bd53d5
1,"2017-03-22 01:00:00","2017-03-10 14:44:54",c6e58a4e75b2a0b6fa62f0547a3cc759
1,"2018-03-19 01:00:00","2018-03-09 23:08:35",82e2dfceae13e4942e8e10d41fe74ec6
1,"2017-12-06 01:00:00","2017-11-16 20:56:55",c5f6d3ac0511ed9303df3767bd834100
1,"2017-11-16 01:00:00","2017-11-06 18:32:27",feedcd6c137912c39c2201db700def89
1,"2017-12-15 01:00:00","2017-12-08 23:10:56",23259ed6c735fe1c3e748d9400ff4a79
1,"2018-04-25 02:00:00","2018-04-18 15:41:06",b63e91fac7037a2bba4fad09acd96691
1,"2018-04-18 02:00:00","2018-03-22 13:50:36",876fd8c751a56ed982b5a72dca56937f
1,"2017-06-05 02:00:00","2017-06-01 14:25:53",50f3e6d7b9a5fb163548ea2591cb7cd8
2,"2017-05-30 02:00:00","2017-05-15 15:36:41",678bd15805d851357f116d567cd7407a
2,"2017-03-02 01:00:00","2017-02-17 14:28:01",6789a1de9a37be580653e51fc6458776
1,"2017-06-19 02:00:00","2017-05-29 18:28:16",9e1eccc08685bb903c6eee8ade67a23b
1,"2018-07-26 02:00:00","2018-07-21 17:26:45",010d6db2f77220b394f147836c94f27b
1,"2018-05-24 02:00:00","2018-05-12 20:04:37",10dcadee7d291d6dd245b3f85b11fa65
1,"2018-07-13 02:00:00","2018-07-03 23:45:44",2ec0b57f8588d1cc98ac3aee116d2023
1,"2018-01-04 01:00:00","2017-12-18 18:17:05",25247d0d0e85887c565090cc16ff0255
1,"2018-01-18 01:00:00","2018-01-10 14:54:34",1086086dc8f1556f2238eb1d973e3ac7
1,"2018-02-05 01:00:00","2018-01-23 15:39:05",2eed78c97ace230e8dfc0f851bed1612
1,"2017-09-18 02:00:00","2017-09-05 22:02:37",b847874716fdb4908836e6300292db03
1,"2017-12-21 01:00:00","2017-12-19 00:59:11",10868fbb44c78f78b3c037e71150b0f3
1,"2017-12-07 01:00:00","2017-11-23 20:22:08",4033aa2bed487107c0ab9ee14ce180e6
1,"2018-07-23 02:00:00","2018-07-04 22:21:10",66587ff0c6d1e3575ffb58c688ef378a
1,"2018-08-06 02:00:00","2018-07-06 13:41:46",d431779bcfa54dfd8bb1beafd561e63d
1,"2017-05-03 02:00:00","2017-04-17 13:29:59",69b1741699a9270162ff84bea75ceb04
1,"2017-11-29 01:00:00","2017-11-10 18:23:41",3adf1c191833181e2e17f0639140b2cd
1,"2017-12-28 01:00:00","2017-12-11 19:24:39",2a23142a41112f238b8a14f9ef3082a7
1,"2018-01-02 01:00:00","2017-12-19 22:11:35",756a548a4e48d6c87648cfc577b08a86
1,"2017-12-14 01:00:00","2017-12-11 17:33:31",aa7499316c24f7c2126ba470534e1ca7
1,"2017-12-27 01:00:00","2017-12-13 22:44:13",ac40627fa08c6c47cdb3648f3e14901a
1,"2017-11-13 01:00:00","2017-11-01 18:17:47",cba168048c28675b998a0b46d19a672f
1,"2017-11-21 01:00:00","2017-11-03 17:06:55",cc91ae24c277f0bfc31ff525577f8cd4
1,"2017-12-29 01:00:00","2017-12-26 23:35:32",f815bf37321904e2cda00a23ff393755
1,"2018-08-27 02:00:00","2018-08-17 02:24:56",89e0ae495fe8fa69f8e5a8351ec325a5
1,"2017-08-11 02:00:00","2017-07-18 22:27:49",1fe85ed3aac60c497e9a22a39fcd715a
1,"2017-10-03 02:00:00","2017-09-19 23:05:17",33481c8e76159f5a3318911105d58475
1,"2018-06-29 02:00:00","2018-06-05 20:40:46",2709ee9d4fc363bd22b6bc782fa3668f
1,"2018-08-30 02:00:00","2018-08-21 00:22:56",9bcd315f2d8687500366d9b2fb0e8add
1,"2018-04-13 02:00:00","2018-04-02 14:38:27",2ee73e51b815651a0723f6bcd3cc87d4
1,"2018-06-08 02:00:00","2018-05-30 20:55:41",767dd7bdeb5f5d8f1840145a3e898bc2
1,"2017-11-03 01:00:00","2017-10-16 23:42:08",b6d950bbbac28a711a71455adc829a5d
1,"2017-09-04 02:00:00","2017-08-29 11:13:53",dde56e42843e19685d241a25e192184e
1,"2018-02-15 01:00:00","2018-01-29 19:41:44",2733b7a9eda2b9f2ffa314fd4b45b330
1,"2018-03-28 02:00:00","2018-03-13 14:24:36",16d479a0c1dc7afd13f40f670ff94787
1,"2018-01-08 01:00:00","2017-12-26 19:29:41",a5b37738b62f5987269c20c5e810e3e1
1,"2017-10-26 02:00:00","2017-10-19 20:19:54",29a9f2a2f7faed6b3457f5325e7d14cd
1,"2017-08-01 02:00:00","2017-07-14 22:05:56",7208ed743ba6f3fb18b053cceca90240
1,"2018-01-11 01:00:00","2017-12-14 22:35:12",65afe7bafea88efc7a99cd3cf3838bed
1,"2017-09-27 02:00:00","2017-09-12 21:59:47",737ec1b843e5c26b0f026c0254d3ad67
1,"2017-10-04 02:00:00","2017-09-20 22:32:40",75aed426d187c5f1099af12729834732
1,"2017-09-06 02:00:00","2017-08-22 21:23:39",a7070a3e260832c27a6f36ce22d61151
1,"2017-10-16 02:00:00","2017-10-10 02:24:58",c421ebe75a8bcaabd8540cfae6aa4a7f
1,"2017-11-10 01:00:00","2017-10-31 17:43:47",501682cc04eeadf3d0bc64b399d78b5d
1,"2018-05-25 02:00:00","2018-05-15 19:27:00",8065c72fce26b871dcba7ef49bebfa48
1,"2018-02-19 01:00:00","2018-02-05 21:46:51",2aa1011e5de2cbb1151cf46e2a6e084a
1,"2018-04-19 02:00:00","2018-04-14 18:24:38",5759a07ad897af5017002314211af1ee
1,"2018-01-24 01:00:00","2018-01-08 20:06:11",1a3232d9cd3dd8dee9115e3c9a4668d1
1,"2018-03-26 02:00:00","2018-02-23 19:58:43",f8f4eed82047735135a9978523d4d202
1,"2018-08-10 02:00:00","2018-07-30 19:42:21",d813e348dc770d6502142ea26ace4156
1,"2018-07-27 02:00:00","2018-07-06 00:51:46",42d23fff3eee93c6c3b0ac65d3ca1e93
1,"2018-07-13 02:00:00","2018-06-18 21:04:24",cb9a6504c8ba700db40dcf1442725189
1,"2017-03-01 01:00:00","2017-02-07 10:27:33",4c775eb488939cb0be0ca90004e2f37a
1,"2017-07-07 02:00:00","2017-06-29 11:42:52",74d59459f88ddcdcda3e557af55ec4bc
1,"2017-11-30 01:00:00","2017-11-21 19:58:47",05b3b36808b4c685d4a2753ad6fec9a3
1,"2018-08-08 02:00:00","2018-07-31 17:27:56",2778e8d98880c4672be9caaeeb12d0ab
1,"2018-01-15 01:00:00","2017-12-30 16:44:53",39d8500c0e37306e6bf2c13d7f298972
1,"2017-11-16 01:00:00","2017-11-07 19:52:08",6f2d341a759b59c051aa9fcbaf2dcba1
1,"2018-01-12 01:00:00","2018-01-03 17:37:41",771416ca662aedf861b2d6898e2be7dc
1,"2017-12-06 01:00:00","2017-11-24 21:48:39",885a9993f5b3064e1a4d8c68362be3bb
1,"2018-01-16 01:00:00","2017-12-27 16:53:12",9a1f747645cd5e7ebe3b0f98ac83661d
1,"2017-11-30 01:00:00","2017-11-17 17:58:34",a5dfd2f42a4f9d9def13d24ef5f115f9
1,"2018-01-19 01:00:00","2017-12-27 18:10:04",b411fc70fc2cf141b93d92f05f52d12d
1,"2018-07-23 02:00:00","2018-07-11 18:44:33",17d8bb8daefb337fdf4be46cc3e7a015
1,"2018-02-19 01:00:00","2018-01-17 18:57:21",c3dc9e818772dba4ee8082d999b9982b
2,"2018-06-04 02:00:00","2018-05-18 21:33:47",9778dcf3aedc74a5185d423586877952
1,"2017-11-09 01:00:00","2017-10-27 18:39:20",8e7c39692005bd922dd07d56bd036e87
1,"2017-10-23 02:00:00","2017-10-17 19:44:47",69fcace72b3a059246d1c34b5ebdb325
1,"2018-07-19 02:00:00","2018-07-04 22:41:52",e5461a7d20e6f38be093afea98b3af5c
1,"2017-03-29 02:00:00","2017-03-14 13:53:56",85031edc7b58dbec75ff2e24d7365e13
1,"2017-07-21 02:00:00","2017-06-30 09:37:28",a9047d80280890b3b79607250042dc95
1,"2018-08-01 02:00:00","2018-07-10 18:32:10",6445a8b97a5e66d5c72eec0cb6650141
1,"2018-02-01 01:00:00","2018-01-12 22:59:18",5bc2a7b8f0817443a86b69461e742cc9
1,"2017-04-06 02:00:00","2017-04-04 12:35:05",21ed2fe3b38bb559c88f45cf6179f2cd
1,"2016-12-06 01:00:00","2016-10-27 14:38:46",3e9334d33c1e64167920675211fb1aee
1,"2017-03-14 01:00:00","2017-02-24 12:35:50",8ce80fc6b88ff67ab9506b08ba95f300
1,"2017-04-05 02:00:00","2017-03-21 10:08:03",df90c41800b8805c3a9a8c5139d0c83b
1,"2018-04-18 02:00:00","2018-04-16 18:29:00",cf37be3f995a05898255c46879280a69
1,"2018-01-03 01:00:00","2017-12-22 15:13:24",829105b927ac0fb2b0b47fdd3ea440ac
1,"2017-04-11 02:00:00","2017-04-02 12:47:41",f4427355eae41ccd3245fcdea1bef5dc
1,"2017-09-05 02:00:00","2017-08-21 20:16:14",9e067f88fe5c70d11f75ddfdf358acef
1,"2017-07-31 02:00:00","2017-07-20 20:19:21",b3656ff96573b07910d0f54a4505454b
